Total_Time,Total_Cost
186.21973929236498,60879888268156.42
186.12616153392662,60901266756463.88
186.03258377548823,60922641994771.34
185.93900601704985,60944017233078.8
185.8454282586115,60965392471386.26
185.75185050017313,60986767709693.72
185.7518505001731,60986767709693.72
185.65827274173475,61008142948001.18
185.65827274173472,61008146198001.18
185.56469498329636,61029518186308.64
185.471117224858,61050893424616.09
185.37753946641962,61072268662923.555
185.28396170798123,61093643901231.016
185.19038394954288,61115019139538.48
185.0968061911045,61136394377845.93
185.0032284326661,61157769616153.39
184.90965067422775,61179144854460.85
184.8160729157894,61200520092768.31
184.81607291578936,61200520092768.31
184.722495157351,61221895331075.766
184.72249515735098,61221898581075.766
184.62891739891262,61243270569383.23
184.53533964047426,61264645807690.69
184.53533964047423,61264649057690.69
184.44176188203588,61286021045998.14
184.44176188203585,61286024295998.14
184.3481841235975,61307396284305.61
184.25460636515913,61328771522613.06
184.2546063651591,61328774772613.06
184.16102860672075,61350146760920.52
184.16102860672072,61350150010920.52
184.06745084828236,61371521999227.984
183.973873089844,61392897237535.44
183.88029533140565,61414272475842.9
183.88029533140562,61414275725842.9
183.78671757296723,61435647714150.36
183.69313981452888,61457022952457.82
183.59956205609052,61478398190765.27
183.5995620560905,61478401440765.28
183.50598429765213,61499773429072.734
183.5059842976521,61499776679072.734
183.41240653921375,61521148667380.195
183.3188287807754,61542523905687.66
183.31882878077536,61542527155687.66
183.225251022337,61563899143995.12
183.22525102233698,61563902393995.12
183.13167326389862,61585274382302.58
183.03809550546026,61606649620610.03
182.9445177470219,61628024858917.49
182.94451774702188,61628028108917.484
182.8509399885835,61649400097224.945
182.75736223014513,61670775335532.41
182.66378447170678,61692150573839.87
182.66378447170675,61692153823839.87
182.5702067132684,61713525812147.33
182.57020671326836,61713529062147.33
182.47662895483,61734901050454.78
182.38305119639165,61756276288762.25
182.38305119639162,61756279538762.24
182.28947343795326,61777651527069.7
182.28947343795323,61777654777069.7
182.19589567951488,61799026765377.164
182.10231792107652,61820402003684.625
182.00874016263816,61841777241992.08
182.00874016263813,61841777241992.08
181.91516240419975,61863152480299.55
181.8215846457614,61884527718607.0
181.72800688732303,61905902956914.46
181.728006887323,61905906206914.45
181.63442912888465,61927278195221.92
181.63442912888462,61927281445221.914
181.54085137044626,61948653433529.375
181.4472736120079,61970028671836.836
181.44727361200788,61970031921836.83
181.35369585356952,61991403910144.3
181.3536958535695,61991407160144.3
181.26011809513113,62012779148451.75
181.16654033669278,62034154386759.22
181.16654033669275,62034160886759.22
181.0729625782544,62055529625066.67
181.07296257825436,62055532875066.68
180.979384819816,62076904863374.13
180.88580706137765,62098280101681.59
180.7922293029393,62119655339989.05
180.79222930293926,62119658589989.05
180.6986515445009,62141030578296.51
180.69865154450088,62141033828296.51
180.60507378606252,62162405816603.97
180.51149602762416,62183781054911.43
180.51149602762413,62183784304911.42
180.41791826918578,62205156293218.89
180.41791826918575,62205159543218.88
180.3243405107474,62226531531526.34
180.23076275230903,62247906769833.805
180.230762752309,62247910019833.81
180.13718499387068,62269282008141.266
180.13718499387065,62269282008141.266
180.13718499387062,62269288508141.266
180.04360723543226,62290657246448.72
179.9500294769939,62312032484756.18
179.85645171855555,62333407723063.64
179.85645171855552,62333410973063.64
179.76287396011716,62354782961371.1
179.76287396011713,62354786211371.09
179.66929620167878,62376158199678.56
179.57571844324042,62397533437986.016
179.5757184432404,62397536687986.016
179.48214068480203,62418908676293.48
179.482140684802,62418911926293.48
179.38856292636365,62440283914600.94
179.2949851679253,62461659152908.4
179.29498516792526,62461662402908.4
179.20140740948693,62483034391215.86
179.2014074094869,62483034391215.86
179.20140740948688,62483037641215.86
179.10782965104852,62504409629523.31
179.01425189261016,62525784867830.77
178.9206741341718,62547160106138.234
178.92067413417178,62547163356138.23
178.82709637573342,62568535344445.69
178.8270963757334,62568538594445.69
178.73351861729503,62589910582753.15
178.63994085885668,62611285821060.61
178.63994085885665,62611289071060.61
178.5463631004183,62632661059368.07
178.54636310041826,62632664309368.06
178.4527853419799,62654036297675.53
178.35920758354155,62675411535982.984
178.35920758354152,62675418035982.984
178.26562982510316,62696786774290.445
178.26562982510313,62696790024290.445
178.17205206666478,62718162012597.91
178.07847430822642,62739537250905.36
177.98489654978806,62760912489212.82
177.98489654978803,62760915739212.82
177.89131879134968,62782287727520.28
177.89131879134965,62782290977520.28
177.7977410329113,62803662965827.74
177.70416327447293,62825038204135.2
177.7041632744729,62825041454135.195
177.61058551603455,62846413442442.66
177.61058551603452,62846416692442.66
177.51700775759616,62867788680750.12
177.4234299991578,62889163919057.58
177.42342999915778,62889167169057.58
177.32985224071945,62910539157365.03
177.32985224071942,62910539157365.03
177.3298522407194,62910542407365.04
177.23627448228103,62931914395672.49
177.14269672384268,62953289633979.95
177.04911896540432,62974664872287.414
177.0491189654043,62974668122287.41
176.9555412069659,62996040110594.875
176.86196344852755,63017415348902.33
176.7683856900892,63038790587209.79
176.76838569008916,63038793837209.79
176.6748079316508,63060165825517.25
176.67480793165078,63060169075517.25
176.58123017321242,63081541063824.71
176.48765241477406,63102916302132.17
176.48765241477403,63102919552132.17
176.3940746563357,63124291540439.625
176.39407465633568,63124291540439.625
176.39407465633565,63124294790439.625
176.3004968978973,63145666778747.086
176.20691913945893,63167042017054.55
176.11334138102058,63188417255362.0
176.11334138102055,63188420505362.0
176.0197636225822,63209792493669.46
176.01976362258216,63209795743669.46
175.9261858641438,63231167731976.92
175.83260810570545,63252542970284.38
175.83260810570542,63252546220284.375
175.73903034726706,63273918208591.836
175.73903034726703,63273921458591.836
175.64545258882868,63295293446899.3
175.55187483039032,63316668685206.76
175.5518748303903,63316671935206.766
175.45829707195196,63338043923514.22
175.45829707195193,63338043923514.22
175.4582970719519,63338047173514.22
175.36471931351355,63359419161821.67
175.2711415550752,63380794400129.14
175.17756379663683,63402169638436.59
175.1775637966368,63402172888436.59
175.08398603819842,63423544876744.055
174.99040827976006,63444923365051.51
174.8968305213217,63466298603358.97
174.89683052132168,63466298603358.97
174.80325276288332,63487673841666.42
174.8032527628833,63487673841666.43
174.70967500444493,63509049079973.88
174.61609724600658,63530424318281.34
174.61609724600655,63530424318281.35
174.52251948756822,63551799556588.805
174.52251948756816,63551799556588.805
174.42894172912983,63573174794896.266
174.4289417291298,63573174794896.266
174.33536397069145,63594550033203.72
174.2417862122531,63615925271511.18
174.24178621225306,63615925271511.19
174.14820845381468,63637300509818.64
174.05463069537632,63658675748126.1
173.96105293693796,63680050986433.555
173.96105293693793,63680050986433.56
173.86747517849955,63701426224741.016
173.7738974200612,63722801463048.48
173.68031966162283,63744176701355.94
173.6803196616228,63744176701355.94
173.58674190318447,63765551939663.39
173.58674190318445,63765551939663.39
173.58674190318442,63765551939663.4
173.49316414474606,63786927177970.85
173.3995863863077,63808302416278.31
173.30600862786935,63829677654585.77
173.30600862786932,63829677654585.77
173.21243086943096,63851052892893.234
173.21243086943093,63851052892893.234
173.11885311099257,63872428131200.69
173.02527535255422,63893803369508.15
173.0252753525542,63893803369508.16
172.9316975941158,63915178607815.61
172.83811983567745,63936553846123.07
172.7445420772391,63957929084430.53
172.74454207723906,63957929084430.53
172.6509643188007,63979304322737.984
172.65096431880067,63979304322737.984
172.55738656036235,64000679561045.445
172.55738656036232,64000679561045.445
172.46380880192396,64022054799352.91
172.37023104348557,64043430037660.36
172.37023104348555,64043430037660.375
172.27665328504722,64064805275967.82
172.2766532850472,64064805275967.82
172.18307552660883,64086180514275.28
172.08949776817045,64107555752582.74
171.9959200097321,64128930990890.2
171.99592000973206,64128930990890.2
171.9023422512937,64150306229197.66
171.80876449285535,64171681467505.12
171.80876449285532,64171681467505.125
171.71518673441696,64193056705812.58
171.71518673441693,64193056705812.58
171.62160897597857,64214431944120.03
171.52803121754022,64235807182427.49
171.43445345910186,64257182420734.95
171.43445345910183,64257182420734.95
171.4344534591018,64257182420734.96
171.34087570066347,64278557659042.414
171.34087570066345,64278557659042.414
171.2472979422251,64299932897349.875
171.15372018378673,64321308135657.33
171.1537201837867,64321308135657.33
171.15372018378667,64321314635657.34
171.06014242534835,64342683373964.79
171.06014242534832,64342683373964.8
170.96656466690996,64364058612272.25
170.8729869084716,64385433850579.71
170.87298690847157,64385433850579.71
170.77940915003322,64406809088887.17
170.7794091500332,64406809088887.17
170.68583139159483,64428184327194.625
170.59225363315647,64449559565502.086
170.59225363315645,64449566065502.09
170.49867587471812,64470934803809.55
170.4986758747181,64470934803809.55
170.49867587471806,64470938053809.55
170.4050981162797,64492310042117.0
170.31152035784135,64513685280424.46
170.217942599403,64535060518731.92
170.21794259940296,64535060518731.92
170.21794259940293,64535067018731.93
170.1243648409646,64556435757039.38
170.12436484096457,64556435757039.38
170.03078708252622,64577810995346.84
169.93720932408786,64599186233654.3
169.93720932408783,64599186233654.305
169.84363156564947,64620561471961.76
169.84363156564945,64620561471961.766
169.7500538072111,64641936710269.22
169.65647604877273,64663311948576.67
169.6564760487727,64663315198576.69
169.56289829033437,64684687186884.14
169.56289829033435,64684687186884.14
169.56289829033432,64684690436884.14
169.46932053189596,64706062425191.59
169.3757427734576,64727437663499.055
169.28216501501925,64748812901806.516
169.28216501501922,64748812901806.516
169.2821650150192,64748819401806.516
169.18858725658083,64770188140113.97
169.09500949814247,64791563378421.43
169.00143173970412,64812938616728.89
169.0014317397041,64812938616728.89
168.90785398126573,64834313855036.35
168.9078539812657,64834313855036.36
168.81427622282735,64855689093343.81
168.720698464389,64877064331651.266
168.72069846438896,64877070831651.27
168.6271207059506,64898439569958.73
168.62712070595057,64898442819958.734
168.53354294751225,64919814808266.19
168.53354294751222,64919814808266.19
168.43996518907386,64941190046573.64
168.3463874306355,64962565284881.1
168.34638743063547,64962565284881.11
168.34638743063545,64962571784881.11
168.25280967219712,64983940523188.56
168.2528096721971,64983940523188.56
168.15923191375873,65005315761496.02
168.06565415532037,65026690999803.484
168.06565415532035,65026690999803.484
168.06565415532032,65026697499803.49
167.972076396882,65048066238110.94
167.97207639688196,65048066238110.945
167.8784986384436,65069441476418.4
167.78492088000525,65090816714725.86
167.78492088000522,65090823214725.87
167.69134312156686,65112191953033.32
167.69134312156683,65112195203033.33
167.5977653631285,65133567191340.78
167.59776536312847,65133567191340.78
167.50418760469012,65154942429648.234
167.5041876046901,65154948929648.25
167.41060984625173,65176317667955.695
167.4106098462517,65176324167955.7
167.31703208781337,65197692906263.16
167.31703208781335,65197692906263.16
167.223454329375,65219068144570.61
167.12987657093663,65240443382878.07
167.1298765709366,65240443382878.08
167.12987657093657,65240449882878.08
167.03629881249825,65261818621185.53
167.03629881249822,65261818621185.54
166.94272105405986,65283193859492.99
166.8491432956215,65304569097800.445
166.84914329562147,65304575597800.45
166.75556553718314,65325944336107.91
166.75556553718312,65325944336107.91
166.7555655371831,65325944336107.914
166.66198777874473,65347319574415.37
166.56841002030637,65368694812722.83
166.56841002030635,65368701312722.836
166.474832261868,65390070051030.28
166.47483226186796,65390076551030.29
166.38125450342963,65411445289337.75
166.3812545034296,65411445289337.75
166.28767674499124,65432820527645.2
166.1940989865529,65454195765952.664
166.19409898655286,65454195765952.67
166.19409898655283,65454202265952.67
166.1005212281145,65475571004260.125
166.10052122811447,65475571004260.125
166.00694346967612,65496946242567.58
165.91336571123776,65518321480875.04
165.91336571123773,65518327980875.05
165.8197879527994,65539696719182.5
165.81978795279937,65539696719182.5
165.81978795279935,65539696719182.51
165.726210194361,65561071957489.96
165.63263243592263,65582447195797.42
165.6326324359226,65582453695797.42
165.53905467748424,65603822434104.875
165.53905467748422,65603828934104.875
165.4454769190459,65625197672412.336
165.44547691904586,65625197672412.336
165.3518991606075,65646572910719.8
165.25832140216914,65667948149027.26
165.25832140216912,65667951399027.25
165.2583214021691,65667954649027.266
165.16474364373076,65689323387334.71
165.16474364373073,65689326637334.71
165.07116588529237,65710698625642.17
164.97758812685402,65732073863949.63
164.977588126854,65732080363949.63
164.88401036841563,65753449102257.09
164.8840103684156,65753452352257.09
164.79043260997724,65774824340564.555
164.6968548515389,65796199578872.01
164.69685485153886,65796206078872.016
164.6032770931005,65817574817179.47
164.60327709310047,65817581317179.47
164.50969933466212,65838950055486.93
164.41612157622376,65860325293794.38
164.3225438177854,65881700532101.84
164.32254381778537,65881703782101.84
164.32254381778534,65881707032101.85
164.22896605934702,65903075770409.305
164.228966059347,65903075770409.305
164.13538830090863,65924451008716.766
164.04181054247027,65945829497024.22
164.04181054247024,65945829497024.23
163.9482327840319,65967204735331.68
163.94823278403186,65967204735331.69
163.85465502559353,65988579973639.14
163.8546550255935,65988579973639.14
163.76107726715514,66009955211946.59
163.76107726715512,66009958461946.61
163.6674995087168,66031330450254.055
163.66749950871676,66031330450254.055
163.66749950871673,66031333700254.06
163.5739217502784,66052705688561.516
163.57392175027837,66052705688561.516
163.48034399184002,66074080926868.97
163.38676623340166,66095456165176.43
163.38676623340163,66095456165176.44
163.3867662334016,66095459415176.44
163.29318847496327,66116831403483.89
163.29318847496324,66116831403483.89
163.1996107165249,66138206641791.35
163.10603295808653,66159581880098.81
163.1060329580865,66159585130098.81
163.01245519964817,66180957118406.266
163.01245519964814,66180957118406.266
163.01245519964812,66180957118406.27
162.9188774412098,66202332356713.73
162.91887744120976,66202332356713.73
162.8252996827714,66223707595021.19
162.82529968277137,66223710845021.2
162.73172192433304,66245082833328.64
162.73172192433302,66245082833328.65
162.731721924333,66245086083328.65
162.63814416589463,66266458071636.11
162.54456640745627,66287833309943.56
162.4509886490179,66309208548251.02
162.45098864901786,66309211798251.03
162.3574108905795,66330583786558.484
162.26383313214114,66351959024865.94
162.1702553737028,66373334263173.4
162.17025537370276,66373337513173.41
162.07667761526443,66394709501480.86
162.0766776152644,66394709501480.86
162.07667761526437,66394709501480.87
161.98309985682602,66416084739788.32
161.88952209838766,66437459978095.78
161.88952209838763,66437463228095.78
161.7959443399493,66458835216403.234
161.79594433994927,66458835216403.234
161.79594433994924,66458838466403.24
161.7023665815109,66480210454710.695
161.60878882307253,66501585693018.16
161.51521106463417,66522960931325.61
161.51521106463414,66522960931325.62
161.51521106463412,66522964181325.625
161.42163330619582,66544336169633.07
161.4216333061958,66544336169633.07
161.42163330619576,66544336169633.08
161.3280555477574,66565711407940.53
161.23447778931904,66587086646247.99
161.23447778931902,66587089896247.99
161.1409000308807,66608461884555.45
161.14090003088066,66608461884555.45
161.14090003088063,66608461884555.46
161.04732227244227,66629837122862.91
160.95374451400392,66651212361170.37
160.9537445140039,66651215611170.375
160.86016675556553,66672587599477.83
160.8601667555655,66672590849477.83
160.76658899712717,66693962837785.28
160.76658899712714,66693962837785.29
160.6730112386888,66715338076092.75
160.57943348025043,66736713314400.2
160.5794334802504,66736713314400.2
160.57943348025037,66736716564400.22
160.48585572181207,66758088552707.664
160.48585572181204,66758088552707.664
160.48585572181202,66758088552707.664
160.39227796337366,66779463791015.125
160.2987002049353,66800839029322.58
160.29870020493527,66800842279322.586
160.20512244649692,66822214267630.04
160.2051224464969,66822214267630.05
160.11154468805856,66843589505937.5
160.11154468805853,66843589505937.5
160.01796692962017,66864964744244.96
160.01796692962014,66864967994244.97
159.9243891711818,66886339982552.42
159.92438917118176,66886343232552.42
159.8308114127434,66907715220859.875
159.73723365430504,66929090459167.336
159.73723365430502,66929093709167.35
159.6436558958667,66950465697474.8
159.64365589586666,66950465697474.8
159.64365589586663,66950468947474.805
159.5500781374283,66971840935782.25
159.55007813742827,66971840935782.26
159.45650037898992,66993216174089.71
159.36292262055156,67014591412397.17
159.36292262055153,67014594662397.17
159.2693448621132,67035966650704.63
159.26934486211317,67035966650704.63
159.26934486211314,67035966650704.64
159.17576710367481,67057341889012.09
159.1757671036748,67057341889012.09
159.08218934523643,67078717127319.55
159.0821893452364,67078720377319.555
158.98861158679804,67100092365627.01
158.98861158679802,67100095615627.016
158.89503382835966,67121467603934.47
158.8014560699213,67142842842241.93
158.80145606992127,67142846092241.94
158.70787831148292,67164218080549.39
158.7078783114829,67164221330549.39
158.61430055304453,67185593318856.84
158.52072279460617,67206968557164.305
158.42714503616781,67228343795471.766
158.4271450361678,67228343795471.77
158.33356727772943,67249719033779.22
158.3335672777294,67249719033779.23
158.23998951929104,67271094272086.68
158.1464117608527,67292469510394.14
158.14641176085266,67292472760394.15
158.0528340024143,67313844748701.6
158.05283400241427,67313847998701.6
157.95925624397591,67335219987009.06
157.86567848553756,67356595225316.516
157.86567848553753,67356598475316.53
157.77210072709917,67377970463623.98
157.77210072709914,67377973713623.984
157.67852296866081,67399345701931.44
157.6785229686608,67399345701931.44
157.58494521022243,67420720940238.89
157.49136745178407,67442096178546.36
157.49136745178404,67442099428546.36
157.3977896933457,67463471416853.81
157.39778969334566,67463471416853.82
157.30421193490733,67484846655161.27
157.3042119349073,67484846655161.27
157.21063417646894,67506221893468.734
157.21063417646891,67506225143468.734
157.11705641803056,67527597131776.19
157.11705641803053,67527600381776.195
157.02347865959217,67548972370083.65
156.92990090115381,67570347608391.11
156.9299009011538,67570350858391.125
156.83632314271543,67591722846698.57
156.8363231427154,67591726096698.58
156.74274538427707,67613098085006.03
156.74274538427704,67613098085006.03
156.6491676258387,67634473323313.484
156.55558986740033,67655848561620.945
156.5555898674003,67655848561620.95
156.55558986740027,67655855061620.96
156.46201210896194,67677223799928.41
156.46201210896191,67677223799928.414
156.36843435052356,67698599038235.87
156.2748565920852,67719974276543.32
156.27485659208517,67719977526543.33
156.18127883364681,67741349514850.78
156.1812788336468,67741352764850.78
156.08770107520843,67762724753158.24
155.99412331677007,67784099991465.7
155.99412331677004,67784106491465.72
155.90054555833171,67805475229773.164
155.9005455583317,67805475229773.164
155.90054555833166,67805478479773.17
155.8069677998933,67826850468080.62
155.71339004145494,67848225706388.08
155.61981228301659,67869600944695.54
155.61981228301656,67869600944695.54
155.61981228301653,67869607444695.555
155.5262345245782,67890976183002.99
155.52623452457817,67890976183003.01
155.43265676613981,67912351421310.45
155.33907900770146,67933726659617.914
155.33907900770143,67933729909617.914
155.24550124926307,67955101897925.375
155.24550124926304,67955105147925.375
155.1519234908247,67976477136232.836
155.05834573238633,67997852374540.3
155.0583457323863,67997855624540.3
154.96476797394797,68019227612847.75
154.96476797394794,68019227612847.76
154.96476797394791,68019230862847.75
154.87119021550959,68040602851155.21
154.87119021550956,68040602851155.21
154.7776124570712,68061978089462.67
154.68403469863284,68083353327770.125
154.68403469863281,68083353327770.13
154.59045694019446,68104728566077.586
154.59045694019443,68104728566077.59
154.49687918175607,68126103804385.05
154.4033014233177,68147479042692.51
154.40330142331769,68147482292692.51
154.30972366487936,68168854280999.96
154.30972366487933,68168854280999.97
154.3097236648793,68168857530999.97
154.21614590644097,68190229519307.42
154.21614590644094,68190229519307.43
154.12256814800259,68211604757614.88
154.12256814800256,68211608007614.89
154.02899038956423,68232979995922.34
154.0289903895642,68232979995922.34
154.02899038956417,68232983245922.34
153.9354126311258,68254355234229.805
153.84183487268746,68275730472537.266
153.7482571142491,68297105710844.72
153.74825711424907,68297105710844.73
153.65467935581069,68318480949152.18
153.56110159737233,68339856187459.64
153.46752383893397,68361231425767.1
153.46752383893394,68361234675767.09
153.37394608049559,68382606664074.555
153.37394608049556,68382609914074.555
153.2803683220572,68403981902382.016
153.18679056361884,68425357140689.48
153.1867905636188,68425360390689.484
153.09321280518046,68446732378996.94
153.09321280518043,68446735628996.94
152.9996350467421,68468107617304.4
152.99963504674207,68468107617304.4
152.9060572883037,68489482855611.85
152.90605728830369,68489489355611.86
152.81247952986536,68510861343919.305
152.81247952986533,68510861343919.31
152.8124795298653,68510864593919.32
152.71890177142694,68532236582226.766
152.6253240129886,68553611820534.23
152.62532401298859,68553611820534.23
152.53174625455023,68574987058841.69
152.5317462545502,68574987058841.69
152.43816849611187,68596362297149.14
152.43816849611184,68596362297149.14
152.4381684961118,68596362297149.15
152.34459073767346,68617737535456.6
152.2510129792351,68639112773764.06
152.25101297923507,68639112773764.08
152.15743522079674,68660488012071.52
152.1574352207967,68660488012071.52
152.15743522079669,68660488012071.53
152.06385746235833,68681863250378.98
151.97027970391997,68703238488686.44
151.97027970391994,68703241738686.445
151.8767019454816,68724613726993.9
151.87670194548159,68724613726993.9
151.87670194548156,68724616976993.914
151.78312418704323,68745988965301.36
151.7831241870432,68745988965301.36
151.68954642860487,68767364203608.81
151.68954642860484,68767364203608.81
151.59596867016649,68788739441916.27
151.59596867016646,68788739441916.28
151.5023909117281,68810114680223.734
151.50239091172807,68810114680223.734
151.4088131532897,68831489918531.195
151.31523539485136,68852865156838.66
151.31523539485133,68852865156838.67
151.22165763641297,68874240395146.11
151.22165763641294,68874240395146.12
151.12807987797459,68895615633453.57
151.03450211953623,68916990871761.03
151.0345021195362,68916994121761.03
150.94092436109787,68938366110068.484
150.94092436109784,68938366110068.49
150.9409243610978,68938369360068.5
150.84734660265948,68959741348375.945
150.84734660265946,68959741348375.95
150.7537688442211,68981116586683.41
150.66019108578274,69002491824990.87
150.6601910857827,69002491824990.87
150.56661332734436,69023867063298.33
150.56661332734433,69023867063298.33
150.47303556890597,69045242301605.78
150.3794578104676,69066617539913.24
150.37945781046758,69066617539913.25
150.28588005202923,69087992778220.7
150.2858800520292,69087992778220.7
150.19230229359084,69109368016528.164
150.09872453515248,69130743254835.625
150.09872453515246,69130746504835.625
150.00514677671413,69152118493143.08
150.0051467767141,69152118493143.08
150.00514677671407,69152121743143.09
149.91156901827574,69173493731450.54
149.9115690182757,69173493731450.54
149.81799125983736,69194868969758.0
149.81799125983733,69194872219758.016
149.724413501399,69216244208065.45
149.72441350139897,69216244208065.46
149.6308357429606,69237619446372.914
149.63083574296058,69237619446372.92
149.53725798452226,69258994684680.375
149.53725798452223,69258994684680.375
149.44368022608387,69280369922987.836
149.44368022608384,69280369922987.84
149.35010246764548,69301745161295.3
149.35010246764546,69301745161295.3
149.25652470920713,69323120399602.75
149.2565247092071,69323120399602.76
149.16294695076874,69344495637910.21
149.1629469507687,69344498887910.22
149.06936919233038,69365870876217.67
149.06936919233036,69365870876217.67
149.06936919233033,69365877376217.68
148.975791433892,69387246114525.125
148.97579143389197,69387246114525.13
148.8822136754536,69408621352832.586
148.88221367545358,69408624602832.59
148.78863591701526,69429996591140.05
148.78863591701523,69429996591140.055
148.69505815857687,69451371829447.51
148.69505815857684,69451371829447.51
148.60148040013848,69472747067754.97
148.50790264170013,69494122306062.42
148.5079026417001,69494122306062.44
148.41432488326174,69515497544369.88
148.4143248832617,69515497544369.89
148.32074712482338,69536872782677.34
148.32074712482336,69536872782677.34
148.227169366385,69558248020984.805
148.22716936638497,69558251270984.805
148.1335916079466,69579623259292.266
148.13359160794658,69579626509292.27
148.04001384950823,69600998497599.72
147.94643609106987,69622373735907.18
147.94643609106984,69622376985907.19
147.8528583326315,69643748974214.64
147.85285833263148,69643748974214.64
147.75928057419313,69665124212522.09
147.7592805741931,69665124212522.1
147.66570281575474,69686499450829.555
147.57212505731638,69707874689137.016
147.57212505731636,69707874689137.03
147.478547298878,69729249927444.48
147.47854729887797,69729249927444.484
147.38496954043964,69750625165751.94
147.3849695404396,69750625165751.94
147.29139178200126,69772000404059.39
147.29139178200123,69772003654059.39
147.1978140235629,69793375642366.85
147.19781402356287,69793375642366.85
147.19781402356284,69793378892366.86
147.1042362651245,69814750880674.31
147.10423626512448,69814750880674.31
147.01065850668613,69836126118981.766
147.0106585066861,69836132618981.78
146.91708074824777,69857501357289.23
146.91708074824774,69857501357289.234
146.82350298980938,69878876595596.69
146.82350298980936,69878876595596.69
146.729925231371,69900251833904.15
146.63634747293264,69921627072211.61
146.6363474729326,69921627072211.625
146.54276971449428,69943002310519.06
146.54276971449423,69943002310519.07
146.4491919560559,69964377548826.52
146.44919195605587,69964377548826.53
146.3556141976175,69985752787133.984
146.35561419761748,69985756037133.984
146.26203643917913,70007128025441.445
146.2620364391791,70007131275441.45
146.16845868074077,70028503263748.91
146.16845868074074,70028503263748.91
146.07488092230238,70049878502056.36
146.07488092230236,70049881752056.37
145.98130316386403,70071253740363.82
145.981303163864,70071253740363.83
145.8877254054256,70092628978671.28
145.79414764698726,70114004216978.734
145.7005698885489,70135379455286.2
145.70056988854887,70135382705286.2
145.6069921301105,70156754693593.66
145.60699213011048,70156754693593.664
145.51341437167213,70178129931901.12
145.41983661323377,70199505170208.58
145.41983661323374,70199508420208.58
145.3262588547954,70220880408516.03
145.32625885479538,70220880408516.04
145.32625885479536,70220883658516.05
145.23268109635703,70242255646823.49
145.232681096357,70242255646823.5
145.13910333791864,70263630885130.95
145.1391033379186,70263634135130.96
145.04552557948028,70285006123438.414
145.04552557948026,70285006123438.414
144.9519478210419,70306381361745.875
144.95194782104187,70306381361745.875
144.8583700626035,70327756600053.33
144.76479230416516,70349131838360.79
144.76479230416513,70349131838360.8
144.67121454572677,70370507076668.25
144.67121454572674,70370507076668.25
144.57763678728838,70391882314975.7
144.48405902885003,70413257553283.16
144.48405902885,70413260803283.17
144.39048127041164,70434632791590.62
144.3904812704116,70434636041590.64
144.29690351197326,70456008029898.1
144.2033257535349,70477383268205.55
144.20332575353487,70477386518205.55
144.10974799509654,70498758506513.0
144.1097479950965,70498758506513.0
144.01617023665816,70520133744820.47
144.01617023665813,70520133744820.47
143.92259247821977,70541508983127.92
143.8290147197814,70562884221435.38
143.82901471978138,70562884221435.38
143.73543696134303,70584259459742.84
143.735436961343,70584259459742.84
143.64185920290464,70605634698050.3
143.54828144446628,70627009936357.75
143.54828144446626,70627013186357.75
143.4547036860279,70648385174665.22
143.45470368602787,70648391674665.22
143.36112592758954,70669760412972.67
143.3611259275895,70669760412972.69
143.26754816915115,70691135651280.12
143.26754816915113,70691138901280.14
143.1739704107128,70712510889587.6
143.17397041071277,70712510889587.6
143.0803926522744,70733886127895.06
143.08039265227438,70733886127895.06
142.98681489383603,70755261366202.52
142.89323713539764,70776636604509.97
142.79965937695928,70798011842817.44
142.79965937695926,70798015092817.44
142.7060816185209,70819387081124.89
142.61250386008254,70840762319432.34
142.6125038600825,70840765569432.34
142.51892610164415,70862137557739.81
142.51892610164413,70862140807739.81
142.42534834320577,70883512796047.27
142.3317705847674,70904888034354.72
142.33177058476738,70904891284354.73
142.23819282632905,70926263272662.19
142.23819282632903,70926263272662.19
142.14461506789064,70947638510969.66
142.05103730945228,70969013749277.11
141.95745955101393,70990388987584.56
141.9574595510139,70990392237584.56
141.86388179257554,71011764225892.03
141.8638817925755,71011767475892.03
141.77030403413715,71033139464199.48
141.6767262756988,71054514702506.94
141.67672627569877,71054517952506.94
141.5831485172604,71075893190814.4
141.58314851726038,71075896440814.4
141.48957075882203,71097268429121.86
141.39599300038367,71118643667429.31
141.39599300038364,71118643667429.31
141.3024152419453,71140018905736.78
141.30241524194528,71140018905736.78
141.2088374835069,71161394144044.23
141.11525972506854,71182769382351.69
141.02168196663015,71204144620659.16
140.9281042081918,71225519858966.61
140.92810420819177,71225519858966.61
140.8345264497534,71246895097274.06
140.74094869131505,71268270335581.53
140.74094869131503,71268270335581.53
140.6473709328767,71289645573888.98
140.64737093287667,71289645573888.98
140.64737093287664,71289645573889.0
140.5537931744383,71311020812196.44
140.55379317443828,71311020812196.44
140.46021541599993,71332396050503.9
140.4602154159999,71332396050503.9
140.36663765756154,71353771288811.38
140.27305989912318,71375146527118.83
140.27305989912315,71375146527118.83
140.1794821406848,71396521765426.28
140.08590438224644,71417897003733.75
140.0859043822464,71417897003733.75
139.99232662380805,71439272242041.2
139.99232662380803,71439272242041.2
139.89874886536967,71460647480348.66
139.8051711069313,71482022718656.12
139.80517110693128,71482022718656.12
139.71159334849295,71503397956963.58
139.71159334849293,71503397956963.58
139.7115933484929,71503397956963.6
139.61801559005454,71524773195271.03
139.52443783161618,71546148433578.5
139.52443783161615,71546148433578.5
139.43086007317783,71567523671885.95
139.4308600731778,71567523671885.95
139.33728231473944,71588898910193.4
139.3372823147394,71588898910193.4
139.24370455630105,71610274148500.88
139.1501267978627,71631649386808.34
139.15012679786267,71631649386808.34
139.0565490394243,71653024625115.8
139.05654903942428,71653024625115.8
138.96297128098593,71674399863423.25
138.86939352254757,71695775101730.72
138.86939352254754,71695775101730.72
138.77581576410918,71717150340038.17
138.77581576410915,71717153590038.17
138.6822380056708,71738525578345.62
138.58866024723244,71759900816653.1
138.5886602472324,71759900816653.1
138.49508248879405,71781276054960.55
138.49508248879403,71781279304960.56
138.4015047303557,71802651293268.0
138.40150473035567,71802651293268.0
138.3079269719173,71824026531575.47
138.30792697191728,71824029781575.47
138.21434921347893,71845401769882.92
138.12077145504057,71866777008190.38
138.12077145504054,71866777008190.39
138.02719369660218,71888152246497.84
137.93361593816383,71909527484805.31
137.9336159381638,71909527484805.31
137.84003817972544,71930902723112.75
137.8400381797254,71930905973112.77
137.74646042128705,71952277961420.22
137.6528826628487,71973653199727.69
137.65288266284867,71973653199727.69
137.55930490441034,71995028438035.14
137.5593049044103,71995028438035.14
137.46572714597193,72016403676342.6
137.37214938753357,72037778914650.06
137.27857162909518,72059154152957.52
137.18499387065683,72080529391264.97
137.1849938706568,72080529391264.97
137.09141611221844,72101904629572.44
136.99783835378008,72123279867879.89
136.99783835378005,72123279867879.89
136.90426059534173,72144655106187.34
136.9042605953417,72144655106187.34
136.90426059534167,72144655106187.36
136.8106828369033,72166030344494.81
136.71710507846495,72187405582802.27
136.71710507846493,72187405582802.28
136.6235273200266,72208780821109.72
136.62352732002657,72208780821109.72
136.62352732002654,72208784071109.75
136.52994956158818,72230156059417.19
136.43637180314983,72251531297724.66
136.4363718031498,72251537797724.66
136.34279404471147,72272906536032.11
136.34279404471144,72272906536032.11
136.24921628627308,72294281774339.56
136.24921628627305,72294281774339.56
136.1556385278347,72315657012647.03
136.06206076939634,72337032250954.48
136.0620607693963,72337032250954.48
135.96848301095795,72358407489261.94
135.96848301095793,72358410739261.94
135.87490525251957,72379782727569.4
135.7813274940812,72401157965876.86
135.78132749408118,72401157965876.88
135.68774973564283,72422533204184.31
135.6877497356428,72422536454184.33
135.59417197720444,72443908442491.78
135.50059421876608,72465283680799.23
135.50059421876605,72465290180799.25
135.40701646032772,72486658919106.69
135.4070164603277,72486658919106.7
135.3134387018893,72508034157414.16
135.21986094345095,72529409395721.62
135.1262831850126,72550784634029.08
135.12628318501257,72550784634029.08
135.0327054265742,72572159872336.53
135.03270542657418,72572163122336.53
134.93912766813585,72593535110644.0
134.93912766813582,72593535110644.0
134.84554990969747,72614910348951.45
134.84554990969744,72614910348951.47
134.7519721512591,72636285587258.9
134.75197215125908,72636285587258.9
134.75197215125905,72636288837258.92
134.65839439282072,72657660825566.38
134.6583943928207,72657660825566.38
134.56481663438234,72679036063873.83
134.47123887594398,72700411302181.28
134.47123887594395,72700411302181.28
134.3776611175056,72721786540488.75
134.37766111750557,72721786540488.75
134.2840833590672,72743161778796.2
134.19050560062885,72764537017103.66
134.19050560062882,72764537017103.66
134.09692784219047,72785912255411.12
134.09692784219044,72785915505411.12
134.00335008375208,72807287493718.6
133.90977232531372,72828662732026.03
133.9097723253137,72828662732026.06
133.81619456687534,72850037970333.5
133.8161945668753,72850041220333.52
133.72261680843695,72871413208640.97
133.6290390499986,72892788446948.42
133.62903904999857,72892794946948.44
133.5354612915602,72914163685255.88
133.44188353312185,72935538923563.34
133.44188353312182,72935538923563.34
133.34830577468347,72956914161870.8
133.2547280162451,72978289400178.25
133.25472801624508,72978289400178.25
133.16115025780672,72999664638485.72
133.1611502578067,72999667888485.72
133.06757249936834,73021039876793.17
132.97399474092998,73042415115100.62
132.97399474092995,73042418365100.62
132.8804169824916,73063790353408.1
132.88041698249157,73063793603408.1
132.7868392240532,73085165591715.56
132.69326146561485,73106540830023.02
132.69326146561482,73106544080023.02
132.59968370717647,73127916068330.47
132.5061059487381,73149291306637.94
132.50610594873808,73149291306637.94
132.41252819029972,73170666544945.39
132.31895043186137,73192041783252.84
132.31895043186134,73192041783252.84
132.22537267342298,73213417021560.31
132.22537267342295,73213420271560.31
132.13179491498462,73234792259867.77
132.1317949149846,73234792259867.77
132.03821715654624,73256167498175.22
132.0382171565462,73256170748175.22
131.94463939810785,73277542736482.69
131.94463939810782,73277545986482.69
131.8510616396695,73298917974790.14
131.85106163966947,73298917974790.16
131.7574838812311,73320293213097.61
131.75748388123108,73320299713097.62
131.66390612279275,73341668451405.06
131.66390612279272,73341668451405.06
131.57032836435437,73363043689712.53
131.57032836435434,73363043689712.53
131.47675060591598,73384418928019.98
131.38317284747762,73405794166327.44
131.3831728474776,73405794166327.44
131.28959508903924,73427169404634.9
131.2895950890392,73427172654634.9
131.19601733060085,73448544642942.36
131.1024395721625,73469919881249.81
131.10243957216247,73469923131249.81
131.0088618137241,73491295119557.28
131.00886181372408,73491298369557.28
130.91528405528572,73512670357864.73
130.82170629684737,73534045596172.2
130.82170629684734,73534052096172.19
130.72812853840898,73555420834479.66
130.6345507799706,73576796072787.12
130.54097302153224,73598171311094.58
130.44739526309385,73619549799402.03
130.3538175046555,73640925037709.48
130.35381750465547,73640925037709.5
130.2602397462171,73662300276016.94
130.16666198777875,73683675514324.4
130.16666198777872,73683675514324.4
130.07308422934037,73705050752631.88
130.07308422934034,73705050752631.88
129.979506470902,73726425990939.31
129.97950647090198,73726425990939.33
129.88592871246362,73747801229246.78
129.8859287124636,73747804479246.78
129.79235095402524,73769176467554.25
129.7923509540252,73769176467554.25
129.69877319558685,73790551705861.7
129.6051954371485,73811926944169.16
129.51161767871014,73833302182476.62
129.5116176787101,73833302182476.62
129.41803992027175,73854677420784.08
129.41803992027172,73854677420784.08
129.32446216183337,73876052659091.53
129.230884403395,73897427897399.0
129.23088440339498,73897427897399.0
129.13730664495662,73918803135706.45
129.1373066449566,73918803135706.47
129.04372888651824,73940178374013.9
128.95015112807988,73961553612321.38
128.95015112807985,73961556862321.38
128.85657336964152,73982928850628.83
128.8565733696415,73982928850628.84
128.85657336964147,73982928850628.84
128.76299561120314,74004304088936.28
128.7629956112031,74004304088936.3
128.66941785276475,74025679327243.75
128.57584009432637,74047054565551.22
128.48226233588798,74068429803858.67
128.38868457744962,74089805042166.12
128.29510681901124,74111180280473.6
128.20152906057288,74132555518781.05
128.20152906057285,74132555518781.06
128.1079513021345,74153930757088.5
128.01437354369614,74175305995395.97
128.0143735436961,74175309245395.97
127.92079578525777,74196681233703.42
127.92079578525775,74196681233703.42
127.92079578525774,74196681233703.44
127.8272180268194,74218056472010.88
127.82721802681937,74218056472010.88
127.73364026838101,74239431710318.34
127.733640268381,74239431710318.34
127.73364026838098,74239434960318.36
127.64006250994265,74260806948625.8
127.64006250994262,74260806948625.81
127.54648475150427,74282182186933.25
127.54648475150425,74282182186933.27
127.54648475150424,74282185436933.25
127.45290699306588,74303557425240.72
127.45290699306587,74303560675240.73
127.35932923462751,74324932663548.19
127.3593292346275,74324932663548.19
127.26575147618914,74346307901855.64
127.26575147618912,74346307901855.64
127.17217371775075,74367683140163.1
127.0785959593124,74389058378470.56
127.07859595931238,74389058378470.56
127.07859595931237,74389058378470.56
126.98501820087401,74410433616778.02
126.985018200874,74410433616778.03
126.89144044243565,74431808855085.47
126.89144044243564,74431808855085.47
126.89144044243562,74431808855085.47
126.79786268399727,74453184093392.94
126.79786268399725,74453184093392.94
126.70428492555888,74474559331700.39
126.61070716712052,74495934570007.84
126.61070716712051,74495934570007.84
126.6107071671205,74495934570007.88
126.51712940868214,74517309808315.31
126.51712940868212,74517309808315.33
126.42355165024375,74538685046622.77
126.3299738918054,74560060284930.22
126.32997389180538,74560060284930.23
126.32997389180537,74560063534930.25
126.23639613336702,74581435523237.69
126.23639613336701,74581435523237.69
126.14281837492865,74602810761545.16
126.14281837492864,74602810761545.16
126.14281837492862,74602814011545.16
126.04924061649027,74624185999852.61
126.04924061649025,74624189249852.62
125.9556628580519,74645561238160.06
125.95566285805188,74645561238160.06
125.86208509961352,74666936476467.53
125.86208509961351,74666936476467.53
125.8620850996135,74666939726467.53
125.76850734117514,74688311714774.98
125.67492958273678,74709686953082.44
125.67492958273677,74709686953082.44
125.67492958273675,74709690203082.44
125.5813518242984,74731062191389.9
125.58135182429838,74731065441389.9
125.48777406586004,74752437429697.36
125.48777406586002,74752437429697.36
125.48777406586001,74752437429697.36
125.39419630742165,74773812668004.81
125.39419630742164,74773812668004.83
125.39419630742162,74773815918004.83
125.30061854898328,74795187906312.28
125.30061854898327,74795187906312.28
125.20704079054491,74816563144619.73
125.2070407905449,74816563144619.75
125.20704079054488,74816566394619.75
125.11346303210654,74837938382927.19
125.11346303210652,74837938382927.19
125.11346303210651,74837941632927.2
125.01988527366817,74859313621234.66
125.01988527366815,74859313621234.66
125.01988527366814,74859313621234.66
124.92630751522978,74880688859542.12
124.92630751522977,74880688859542.12
124.92630751522975,74880692109542.12
124.83272975679142,74902064097849.58
124.83272975679141,74902064097849.58
124.8327297567914,74902064097849.58
124.73915199835302,74923439336157.03
124.73915199835301,74923442586157.03
124.64557423991465,74944814574464.5
124.64557423991464,74944814574464.5
124.5519964814763,74966189812771.95
124.55199648147628,74966189812771.95
124.55199648147627,74966189812771.95
124.45841872303791,74987565051079.4
124.4584187230379,74987565051079.42
124.45841872303788,74987568301079.42
124.36484096459954,75008940289386.88
124.36484096459952,75008940289386.88
124.27126320616117,75030315527694.33
124.27126320616115,75030315527694.33
124.27126320616114,75030318777694.33
124.17768544772278,75051690766001.78
124.17768544772277,75051690766001.8
124.0841076892844,75073066004309.25
123.99052993084604,75094441242616.7
123.99052993084602,75094441242616.72
123.99052993084601,75094444492616.72
123.89695217240767,75115816480924.16
123.89695217240765,75115816480924.16
123.8033744139693,75137191719231.62
123.80337441396928,75137191719231.62
123.80337441396927,75137194969231.62
123.70979665553092,75158566957539.08
123.70979665553091,75158566957539.1
123.7097966555309,75158570207539.1
123.61621889709255,75179942195846.53
123.61621889709254,75179942195846.55
123.61621889709252,75179942195846.55
123.52264113865417,75201317434154.0
123.52264113865415,75201317434154.0
123.52264113865414,75201320684154.02
123.42906338021578,75222692672461.47
123.33548562177742,75244067910768.92
123.33548562177741,75244067910768.92
123.3354856217774,75244071160768.92
123.24190786333904,75265443149076.38
123.24190786333902,75265443149076.39
123.14833010490065,75286818387383.84
123.0547523464623,75308193625691.3
123.05475234646228,75308193625691.3
123.05475234646227,75308196875691.31
122.96117458802391,75329568863998.75
122.86759682958555,75350944102306.22
122.86759682958554,75350944102306.22
122.86759682958552,75350947352306.22
122.77401907114717,75372319340613.67
122.77401907114715,75372319340613.69
122.6804413127088,75393694578921.12
122.68044131270878,75393694578921.12
122.58686355427042,75415069817228.6
122.58686355427041,75415069817228.61
122.5868635542704,75415073067228.6
122.49328579583205,75436445055536.05
122.49328579583204,75436445055536.06
122.39970803739368,75457820293843.5
122.39970803739367,75457820293843.52
122.39970803739365,75457823543843.5
122.3061302789553,75479195532150.97
122.30613027895528,75479195532150.98
122.21255252051692,75500570770458.44
122.21255252051691,75500570770458.44
122.11897476207855,75521946008765.89
122.11897476207854,75521946008765.89
122.11897476207852,75521949258765.9
122.02539700364017,75543321247073.34
122.02539700364015,75543327747073.36
121.93181924520181,75564696485380.81
121.9318192452018,75564696485380.81
121.93181924520178,75564699735380.81
121.83824148676342,75586071723688.27
121.83824148676341,75586074973688.28
121.74466372832504,75607446961995.72
121.65108596988668,75628822200303.19
121.65108596988667,75628822200303.19
121.65108596988665,75628825450303.19
121.5575082114483,75650197438610.64
121.55750821144828,75650203938610.66
121.46393045300992,75671572676918.1
121.46393045300991,75671575926918.1
121.37035269457157,75692947915225.56
121.37035269457155,75692947915225.56
121.37035269457154,75692947915225.58
121.2767749361332,75714323153533.02
121.27677493613317,75714323153533.03
121.18319717769481,75735698391840.47
121.1831971776948,75735698391840.48
121.18319717769478,75735701641840.48
121.08961941925642,75757073630147.94
121.08961941925641,75757080130147.95
120.99604166081807,75778448868455.4
120.99604166081805,75778448868455.4
120.99604166081804,75778452118455.4
120.90246390237968,75799824106762.86
120.90246390237967,75799824106762.88
120.80888614394131,75821199345070.31
120.8088861439413,75821199345070.31
120.71530838550294,75842574583377.78
120.71530838550292,75842577833377.78
120.71530838550291,75842577833377.78
120.62173062706457,75863949821685.23
120.62173062706455,75863949821685.23
120.62173062706454,75863956321685.25
120.5281528686262,75885325059992.69
120.52815286862618,75885325059992.69
120.52815286862617,75885328309992.69
120.43457511018781,75906700298300.16
120.4345751101878,75906703548300.16
120.34099735174942,75928075536607.61
120.24741959331107,75949450774915.06
120.24741959331105,75949450774915.08
120.24741959331104,75949454024915.08
120.15384183487268,75970826013222.53
120.15384183487267,75970832513222.53
120.06026407643432,75992201251530.0
120.06026407643431,75992201251530.0
120.0602640764343,75992204501529.98
119.96668631799594,76013576489837.45
119.96668631799592,76013579739837.45
119.87310855955755,76034951728144.9
119.7795308011192,76056326966452.38
119.77953080111918,76056326966452.38
119.77953080111917,76056330216452.38
119.68595304268081,76077702204759.83
119.6859530426808,76077708704759.84
119.59237528424245,76099077443067.3
119.59237528424244,76099080693067.28
119.59237528424242,76099080693067.28
119.49879752580406,76120452681374.75
119.49879752580405,76120455931374.75
119.49879752580404,76120455931374.75
119.40521976736568,76141827919682.22
119.40521976736567,76141834419682.22
119.31164200892732,76163206407989.66
119.31164200892731,76163206407989.66
119.3116420089273,76163206407989.66
119.21806425048894,76184581646297.12
119.21806425048892,76184584896297.12
119.12448649205058,76205956884604.58
119.12448649205056,76205956884604.58
119.12448649205055,76205956884604.58
119.0309087336122,76227332122912.03
119.03090873361218,76227332122912.03
119.03090873361216,76227332122912.05
118.93733097517384,76248707361219.5
118.93733097517381,76248707361219.5
118.84375321673545,76270082599526.95
118.84375321673544,76270082599526.95
118.84375321673542,76270082599526.97
118.75017545829706,76291457837834.4
118.75017545829705,76291461087834.42
118.65659769985871,76312833076141.88
118.6565976998587,76312833076141.88
118.65659769985868,76312833076141.88
118.56301994142034,76334208314449.33
118.56301994142032,76334208314449.33
118.56301994142031,76334208314449.34
118.46944218298195,76355583552756.78
118.46944218298194,76355583552756.78
118.46944218298192,76355586802756.81
118.37586442454358,76376958791064.25
118.37586442454356,76376958791064.25
118.37586442454355,76376958791064.25
118.28228666610521,76398334029371.72
118.2822866661052,76398334029371.72
118.28228666610518,76398337279371.72
118.18870890766684,76419709267679.17
118.18870890766682,76419709267679.17
118.18870890766681,76419709267679.17
118.09513114922845,76441084505986.62
118.09513114922844,76441084505986.62
118.09513114922842,76441084505986.64
118.0015533907901,76462459744294.1
118.00155339079006,76462459744294.1
118.00155339079005,76462462994294.11
117.90797563235171,76483834982601.55
117.9079756323517,76483834982601.55
117.90797563235168,76483834982601.55
117.81439787391332,76505210220909.0
117.81439787391331,76505213470909.02
117.72082011547495,76526585459216.47
117.72082011547494,76526585459216.47
117.62724235703658,76547960697523.92
117.62724235703655,76547960697523.94
117.53366459859822,76569335935831.38
117.53366459859821,76569335935831.38
117.5336645985982,76569335935831.38
117.44008684015984,76590711174138.84
117.44008684015981,76590711174138.84
117.34650908172145,76612086412446.3
117.34650908172144,76612089662446.31
117.2529313232831,76633461650753.75
117.25293132328308,76633461650753.75
117.25293132328306,76633461650753.75
117.15935356484471,76654836889061.22
117.1593535648447,76654836889061.22
117.15935356484468,76654836889061.23
117.06577580640634,76676212127368.67
117.06577580640632,76676212127368.69
117.06577580640631,76676215377368.69
116.97219804796796,76697587365676.12
116.97219804796795,76697587365676.14
116.97219804796794,76697587365676.14
116.87862028952958,76718962603983.6
116.87862028952956,76718965853983.61
116.78504253109122,76740337842291.06
116.7850425310912,76740337842291.06
116.69146477265284,76761713080598.52
116.69146477265282,76761713080598.52
116.69146477265281,76761713080598.53
116.59788701421445,76783088318905.97
116.50430925577608,76804463557213.44
116.50430925577606,76804463557213.44
116.41073149733771,76825838795520.89
116.4107314973377,76825842045520.9
116.31715373889935,76847214033828.34
116.31715373889934,76847214033828.34
116.31715373889932,76847214033828.34
116.22357598046096,76868589272135.81
116.22357598046095,76868589272135.81
116.22357598046094,76868589272135.81
116.12999822202258,76889964510443.27
116.03642046358422,76911339748750.72
116.03642046358421,76911339748750.72
116.0364204635842,76911339748750.73
115.94284270514584,76932714987058.19
115.94284270514582,76932718237058.19
115.84926494670746,76954090225365.64
115.84926494670745,76954090225365.66
115.7556871882691,76975465463673.1
115.75568718826909,76975465463673.11
115.75568718826908,76975465463673.11
115.75568718826906,76975465463673.12
115.6621094298307,76996840701980.56
115.66210942983069,76996843951980.58
115.56853167139234,77018215940288.03
115.56853167139232,77018215940288.03
115.47495391295396,77039591178595.48
115.47495391295395,77039594428595.5
115.3813761545156,77060966416902.94
115.38137615451559,77060966416902.94
115.38137615451558,77060966416902.94
115.28779839607722,77082341655210.4
115.2877983960772,77082341655210.4
115.28779839607719,77082341655210.4
115.19422063763885,77103716893517.86
115.19422063763884,77103716893517.86
115.19422063763882,77103720143517.88
115.10064287920048,77125092131825.31
115.10064287920046,77125092131825.31
115.10064287920045,77125092131825.33
115.00706512076209,77146467370132.78
115.00706512076208,77146470620132.78
114.91348736232372,77167842608440.23
114.9134873623237,77167842608440.23
114.81990960388536,77189217846747.69
114.81990960388535,77189217846747.69
114.81990960388534,77189217846747.7
114.81990960388532,77189221096747.7
114.72633184544696,77210593085055.16
114.72633184544695,77210596335055.17
114.63275408700859,77231968323362.61
114.63275408700858,77231968323362.62
114.53917632857022,77253343561670.06
114.5391763285702,77253346811670.1
114.44559857013186,77274718799977.53
114.44559857013184,77274718799977.53
114.35202081169348,77296094038285.0
114.35202081169346,77296094038285.0
114.35202081169345,77296097288285.0
114.25844305325512,77317469276592.45
114.25844305325509,77317469276592.45
114.25844305325508,77317472526592.47
114.16486529481672,77338844514899.9
114.1648652948167,77338844514899.9
114.07128753637836,77360219753207.38
114.07128753637835,77360219753207.38
114.07128753637834,77360223003207.38
113.97770977793999,77381594991514.83
113.97770977793998,77381594991514.83
113.97770977793996,77381594991514.83
113.8841320195016,77402970229822.28
113.88413201950159,77402970229822.28
113.88413201950158,77402970229822.3
113.79055426106322,77424345468129.75
113.7905542610632,77424348718129.77
113.69697650262485,77445720706437.2
113.69697650262484,77445720706437.22
113.60339874418648,77467095944744.66
113.60339874418646,77467099194744.67
113.50982098574812,77488471183052.12
113.5098209857481,77488471183052.12
113.50982098574809,77488471183052.12
113.41624322730975,77509846421359.58
113.41624322730974,77509846421359.58
113.41624322730972,77509846421359.6
113.4162432273097,77509846421359.6
113.32266546887136,77531221659667.03
113.32266546887135,77531221659667.03
113.32266546887134,77531224909667.06
113.22908771043299,77552596897974.5
113.22908771043298,77552596897974.5
113.22908771043296,77552596897974.5
113.1355099519946,77573972136281.97
113.13550995199459,77573975386281.97
113.04193219355625,77595347374589.42
113.04193219355622,77595347374589.42
112.94835443511786,77616722612896.88
112.94835443511785,77616722612896.88
112.94835443511784,77616725862896.89
112.85477667667949,77638097851204.34
112.85477667667948,77638097851204.34
112.85477667667946,77638101101204.34
112.76119891824112,77659473089511.8
112.76119891824109,77659473089511.8
112.66762115980274,77680848327819.25
112.66762115980272,77680851577819.27
112.57404340136436,77702223566126.72
112.57404340136435,77702223566126.72
112.48046564292598,77723598804434.17
112.48046564292596,77723598804434.19
112.3868878844876,77744974042741.62
112.38688788448759,77744977292741.66
112.29331012604924,77766349281049.1
112.29331012604922,77766349281049.1
112.19973236761086,77787724519356.55
112.19973236761085,77787727769356.56
112.10615460917248,77809099757664.0
112.0125768507341,77830474995971.47
112.01257685073409,77830474995971.47
111.91899909229573,77851850234278.94
111.91899909229572,77851853484278.94
111.82542133385736,77873225472586.39
111.82542133385735,77873225472586.39
111.73184357541899,77894600710893.84
111.73184357541898,77894603960893.86
111.6382658169806,77915975949201.31
111.54468805854225,77937351187508.77
111.54468805854223,77937351187508.77
111.54468805854222,77937351187508.78
111.45111030010386,77958726425816.22
111.45111030010385,77958729675816.23
111.3575325416655,77980101664123.69
111.35753254166549,77980101664123.69
111.35753254166548,77980101664123.69
111.26395478322712,78001476902431.14
111.2639547832271,78001480152431.16
111.17037702478876,78022852140738.6
111.17037702478873,78022852140738.6
111.07679926635038,78044227379046.06
111.07679926635036,78044227379046.06
111.07679926635035,78044227379046.06
110.983221507912,78065602617353.52
110.98322150791199,78065602617353.52
110.98322150791198,78065605867353.53
110.88964374947363,78086977855660.97
110.88964374947362,78086977855660.97
110.8896437494736,78086977855660.98
110.79606599103525,78108353093968.44
110.79606599103523,78108356343968.45
110.70248823259686,78129728332275.9
110.6089104741585,78151103570583.36
110.60891047415849,78151103570583.36
110.60891047415848,78151103570583.38
110.51533271572013,78172478808890.81
110.51533271572012,78172478808890.81
110.5153327157201,78172482058890.83
110.42175495728175,78193854047198.28
110.42175495728173,78193854047198.28
110.32817719884338,78215229285505.73
110.32817719884336,78215232535505.75
110.23459944040499,78236604523813.19
110.14102168196663,78257979762120.66
110.1410216819666,78257979762120.66
110.04744392352826,78279355000428.11
110.04744392352825,78279355000428.11
110.04744392352823,78279358250428.12
109.95386616508989,78300730238735.56
109.95386616508986,78300730238735.56
109.8602884066515,78322105477043.03
109.86028840665149,78322108727043.03
109.76671064821313,78343480715350.5
109.76671064821312,78343480715350.5
109.67313288977476,78364855953657.95
109.67313288977475,78364855953657.95
109.67313288977473,78364855953657.97
109.57955513133638,78386231191965.4
109.57955513133636,78386234441965.42
109.48597737289802,78407606430272.88
109.485977372898,78407606430272.88
109.48597737289799,78407606430272.88
109.39239961445963,78428981668580.33
109.39239961445962,78428984918580.33
109.29882185602125,78450356906887.78
109.20524409758289,78471732145195.25
109.20524409758288,78471732145195.25
109.20524409758286,78471735395195.25
109.1116663391445,78493107383502.7
109.11166633914449,78493110633502.72
109.01808858070615,78514482621810.16
109.01808858070613,78514482621810.16
109.01808858070612,78514482621810.16
108.92451082226776,78535857860117.62
108.92451082226775,78535861110117.62
108.83093306382938,78557233098425.1
108.73735530539102,78578608336732.53
108.737355305391,78578611586732.53
108.73735530539099,78578611586732.55
108.64377754695263,78599983575040.0
108.64377754695262,78599986825040.0
108.55019978851428,78621358813347.47
108.55019978851426,78621358813347.47
108.55019978851425,78621358813347.47
108.45662203007589,78642734051654.92
108.45662203007588,78642737301654.92
108.3630442716375,78664112539962.38
108.26946651319915,78685487778269.83
108.26946651319913,78685487778269.83
108.26946651319912,78685487778269.84
108.17588875476076,78706863016577.28
108.17588875476075,78706863016577.31
108.08231099632239,78728238254884.75
108.08231099632238,78728238254884.75
107.98873323788402,78749613493192.22
107.988733237884,78749613493192.22
107.89515547944565,78770988731499.66
107.89515547944563,78770988731499.67
107.89515547944562,78770991981499.69
107.80157772100726,78792363969807.12
107.80157772100725,78792363969807.12
107.70799996256889,78813739208114.6
107.70799996256888,78813739208114.6
107.61442220413052,78835114446422.05
107.6144222041305,78835114446422.05
107.52084444569215,78856489684729.5
107.52084444569213,78856489684729.5
107.42726668725379,78877864923036.97
107.42726668725376,78877864923036.97
107.42726668725375,78877868173036.98
107.3336889288154,78899240161344.42
107.33368892881539,78899240161344.42
107.33368892881538,78899240161344.42
107.24011117037702,78920615399651.88
107.240111170377,78920615399651.89
107.14653341193865,78941990637959.34
107.14653341193863,78941990637959.34
107.05295565350028,78963365876266.8
107.05295565350026,78963365876266.81
106.9593778950619,78984741114574.25
106.95937789506189,78984741114574.25
106.86580013662353,79006116352881.72
106.86580013662352,79006116352881.72
106.8658001366235,79006116352881.72
106.77222237818516,79027491591189.17
106.77222237818515,79027491591189.17
106.77222237818513,79027491591189.19
106.67864461974679,79048866829496.62
106.67864461974678,79048866829496.62
106.67864461974676,79048866829496.64
106.5850668613084,79070242067804.1
106.58506686130839,79070242067804.1
106.49148910287003,79091617306111.56
106.49148910287002,79091617306111.56
106.39791134443166,79112992544419.02
106.39791134443165,79112992544419.02
106.39791134443163,79112992544419.02
106.30433358599329,79134367782726.47
106.30433358599328,79134367782726.47
106.30433358599326,79134367782726.48
106.21075582755489,79155743021033.94
106.11717806911653,79177118259341.39
106.11717806911652,79177118259341.39
106.02360031067816,79198493497648.84
106.02360031067815,79198493497648.84
105.93002255223979,79219868735956.31
105.93002255223978,79219868735956.31
105.93002255223976,79219868735956.31
105.8364447938014,79241243974263.77
105.83644479380139,79241243974263.78
105.74286703536303,79262619212571.22
105.74286703536302,79262619212571.22
105.64928927692466,79283994450878.69
105.64928927692465,79283994450878.69
105.55571151848629,79305369689186.14
105.55571151848628,79305369689186.16
105.46213376004792,79326744927493.6
105.4621337600479,79326744927493.61
105.46213376004789,79326744927493.61
105.36855600160955,79348120165801.06
105.36855600160953,79348120165801.06
105.36855600160952,79348120165801.08
105.27497824317116,79369495404108.53
105.27497824317115,79369495404108.53
105.18140048473279,79390870642415.98
105.18140048473278,79390870642415.98
105.08782272629442,79412245880723.44
105.0878227262944,79412245880723.44
104.99424496785605,79433621119030.9
104.99424496785603,79433621119030.9
104.99424496785602,79433621119030.9
104.90066720941768,79454996357338.36
104.90066720941766,79454996357338.36
104.90066720941765,79454996357338.38
104.8070894509793,79476371595645.81
104.80708945097929,79476371595645.81
104.80708945097928,79476371595645.81
104.71351169254092,79497746833953.28
104.7135116925409,79497746833953.28
104.61993393410255,79519122072260.73
104.61993393410253,79519122072260.73
104.52635617566418,79540497310568.19
104.52635617566416,79540497310568.19
104.52635617566415,79540497310568.19
104.43277841722579,79561872548875.66
104.43277841722578,79561872548875.67
104.33920065878742,79583247787183.11
104.3392006587874,79583247787183.11
104.24562290034905,79604623025490.56
104.24562290034903,79604623025490.58
104.15204514191066,79625998263798.03
104.0584673834723,79647373502105.5
104.05846738347229,79647373502105.5
104.05846738347228,79647373502105.5
103.96488962503392,79668748740412.95
103.9648896250339,79668748740412.97
103.87131186659553,79690123978720.4
103.77773410815718,79711499217027.88
103.77773410815716,79711499217027.88
103.68415634971879,79732874455335.33
103.59057859128042,79754249693642.78
103.5905785912804,79754249693642.78
103.49700083284205,79775624931950.25
103.49700083284203,79775624931950.27
103.40342307440368,79797000170257.7
103.40342307440366,79797000170257.7
103.30984531596529,79818375408565.16
103.21626755752692,79839750646872.62
103.12268979908856,79861125885180.08
103.12268979908853,79861125885180.08
103.02911204065018,79882501123487.53
103.02911204065016,79882504373487.55
102.93553428221179,79903876361795.0
102.84195652377343,79925251600102.47
102.84195652377342,79925251600102.47
102.74837876533505,79946626838409.92
102.65480100689669,79968002076717.38
102.65480100689668,79968002076717.38
102.65480100689666,79968002076717.38
102.5612232484583,79989377315024.84
102.56122324845829,79989380565024.84
102.46764549001995,80010752553332.3
102.46764549001993,80010752553332.3
102.46764549001992,80010752553332.3
102.37406773158156,80032127791639.75
102.37406773158155,80032127791639.75
102.28048997314318,80053503029947.22
102.28048997314316,80053506279947.22
102.18691221470482,80074878268254.67
102.18691221470479,80074878268254.67
102.09333445626643,80096253506562.12
102.09333445626642,80096256756562.14
101.99975669782805,80117628744869.6
101.90617893938968,80139003983177.05
101.8126011809513,80160379221484.5
101.81260118095129,80160382471484.53
101.71902342251293,80181754459791.97
101.71902342251292,80181754459791.97
101.62544566407456,80203129698099.44
101.62544566407455,80203132948099.44
101.53186790563618,80224504936406.89
101.43829014719782,80245880174714.34
101.4382901471978,80245880174714.34
101.34471238875943,80267255413021.81
101.25113463032106,80288630651329.27
101.25113463032105,80288630651329.27
101.15755687188269,80310005889636.72
101.15755687188268,80310009139636.72
101.0639791134443,80331381127944.19
100.97040135500595,80352756366251.64
100.97040135500593,80352756366251.64
100.87682359656758,80374131604559.1
100.87682359656756,80374131604559.1
100.7832458381292,80395506842866.56
100.78324583812919,80395506842866.56
100.78324583812918,80395506842866.56
100.68966807969082,80416882081174.02
100.6896680796908,80416885331174.03
100.59609032125245,80438257319481.47
100.59609032125243,80438257319481.47
100.50251256281406,80459632557788.94
100.40893480437569,80481007796096.4
100.31535704593733,80502383034403.86
100.31535704593732,80502383034403.86
100.3153570459373,80502383034403.86
100.22177928749895,80523758272711.31
100.22177928749893,80523761522711.31
100.12820152906056,80545133511018.78
100.0346237706222,80566508749326.23
100.03462377062219,80566508749326.23
99.94104601218382,80587883987633.69
99.9410460121838,80587890487633.7
99.84746825374543,80609259225941.16
99.75389049530708,80630634464248.61
99.75389049530706,80630637714248.62
99.6603127368687,80652009702556.06
99.66031273686869,80652009702556.06
99.56673497843032,80673384940863.53
99.47315721999195,80694760179171.0
99.37957946155359,80716135417478.45
99.37957946155358,80716135417478.45
99.37957946155356,80716135417478.45
99.2860017031152,80737510655785.9
99.28600170311519,80737513905785.9
99.19242394467682,80758885894093.38
99.09884618623846,80780261132400.83
99.09884618623845,80780261132400.83
99.00526842780008,80801636370708.28
99.00526842780006,80801642870708.28
98.91169066936169,80823011609015.75
98.81811291092333,80844386847323.2
98.81811291092332,80844390097323.2
98.72453515248496,80865762085630.66
98.72453515248495,80865762085630.66
98.63095739404659,80887137323938.12
98.63095739404658,80887137323938.12
98.63095739404656,80887140573938.12
98.5373796356082,80908512562245.6
98.53737963560819,80908519062245.6
98.44380187716982,80929887800553.03
98.35022411873146,80951263038860.5
98.35022411873145,80951266288860.5
98.25664636029309,80972638277167.97
98.25664636029308,80972638277167.97
98.16306860185472,80994013515475.42
98.1630686018547,80994013515475.42
98.16306860185469,80994016765475.42
98.06949084341633,81015388753782.88
98.06949084341632,81015395253782.88
97.97591308497796,81036763992090.34
97.97591308497795,81036763992090.34
97.88233532653959,81058139230397.8
97.88233532653958,81058142480397.8
97.78875756810122,81079514468705.25
97.7887575681012,81079514468705.25
97.69517980966285,81100889707012.72
97.69517980966283,81100889707012.72
97.69517980966282,81100892957012.72
97.60160205122446,81122264945320.17
97.60160205122445,81122271445320.19
97.50802429278609,81143640183627.62
97.50802429278608,81143643433627.62
97.41444653434772,81165015421935.1
97.4144465343477,81165018671935.1
97.32086877590935,81186390660242.56
97.32086877590933,81186390660242.56
97.22729101747098,81207765898550.0
97.22729101747096,81207765898550.02
97.22729101747095,81207769148550.02
97.13371325903259,81229144386857.47
97.13371325903258,81229147636857.47
97.04013550059422,81250519625164.92
97.0401355005942,81250519625164.92
96.94655774215585,81271894863472.38
96.94655774215583,81271894863472.38
96.85297998371746,81293270101779.84
96.75940222527909,81314645340087.3
96.75940222527908,81314645340087.31
96.66582446684072,81336020578394.75
96.6658244668407,81336023828394.77
96.57224670840233,81357395816702.22
96.47866894996397,81378771055009.67
96.47866894996396,81378771055009.69
96.38509119152559,81400146293317.12
96.29151343308723,81421521531624.6
96.29151343308722,81421521531624.6
96.2915134330872,81421521531624.6
96.19793567464885,81442896769932.06
96.19793567464883,81442896769932.06
96.10435791621047,81464272008239.52
96.10435791621046,81464272008239.52
96.0107801577721,81485647246546.97
96.01078015777209,81485647246546.97
95.91720239933372,81507022484854.44
95.82362464089535,81528397723161.89
95.82362464089533,81528397723161.9
95.73004688245697,81549772961469.34
95.73004688245696,81549776211469.36
95.6364691240186,81571148199776.81
95.63646912401859,81571148199776.81
95.54289136558023,81592523438084.27
95.54289136558022,81592523438084.28
95.44931360714185,81613898676391.72
95.35573584870349,81635273914699.19
95.35573584870347,81635273914699.19
95.35573584870346,81635273914699.19
95.2621580902651,81656649153006.64
95.26215809026509,81656652403006.66
95.16858033182675,81678024391314.1
95.16858033182673,81678024391314.1
95.16858033182672,81678024391314.11
95.07500257338836,81699399629621.56
95.07500257338835,81699399629621.56
94.98142481494997,81720774867929.03
94.8878470565116,81742150106236.48
94.88784705651159,81742150106236.48
94.79426929807323,81763525344543.94
94.79426929807322,81763525344543.95
94.70069153963487,81784900582851.4
94.70069153963486,81784900582851.4
94.70069153963485,81784900582851.4
94.60711378119649,81806275821158.86
94.60711378119647,81806275821158.86
94.5135360227581,81827651059466.31
94.41995826431973,81849026297773.78
94.41995826431972,81849026297773.78
94.32638050588136,81870401536081.23
94.32638050588135,81870401536081.25
94.23280274744297,81891776774388.69
94.13922498900462,81913152012696.16
94.1392249890046,81913152012696.16
94.04564723056623,81934527251003.61
93.95206947212787,81955902489311.06
93.95206947212786,81955902489311.06
93.95206947212785,81955902489311.08
93.85849171368949,81977277727618.53
93.76491395525112,81998652965925.98
93.7649139552511,81998652965926.0
93.67133619681275,82020028204233.44
93.67133619681273,82020028204233.45
93.67133619681272,82020031454233.47
93.57775843837437,82041403442540.9
93.57775843837436,82041403442540.9
93.484180679936,82062778680848.38
93.48418067993599,82062778680848.38
93.48418067993597,82062778680848.38
93.39060292149762,82084153919155.83
93.3906029214976,82084157169155.84
93.29702516305926,82105529157463.28
93.29702516305923,82105529157463.28
93.20344740462087,82126904395770.75
93.20344740462086,82126904395770.75
93.10986964618249,82148279634078.2
93.01629188774412,82169654872385.66
93.0162918877441,82169654872385.67
92.92271412930575,82191030110693.12
92.92271412930573,82191030110693.14
92.82913637086736,82212405349000.58
92.735558612429,82233780587308.03
92.73555861242899,82233780587308.05
92.73555861242897,82233783837308.05
92.64198085399063,82255155825615.5
92.64198085399062,82255155825615.5
92.54840309555225,82276531063922.95
92.54840309555223,82276531063922.97
92.45482533711387,82297906302230.4
92.45482533711386,82297906302230.44
92.36124757867549,82319281540537.88
92.26766982023713,82340656778845.34
92.26766982023712,82340656778845.34
92.2676698202371,82340660028845.34
92.17409206179875,82362032017152.8
92.08051430336036,82383407255460.25
91.986936544922,82404782493767.72
91.98693654492199,82404785743767.72
91.89335878648362,82426157732075.17
91.79978102804526,82447532970382.62
91.79978102804525,82447532970382.62
91.79978102804523,82447536220382.64
91.70620326960687,82468908208690.1
91.6126255111685,82490283446997.55
91.61262551116849,82490283446997.56
91.51904775273013,82511658685305.0
91.51904775273012,82511661935305.02
91.42546999429175,82533033923612.47
91.33189223585339,82554409161919.92
91.33189223585337,82554409161919.94
91.33189223585336,82554412411919.94
91.238314477415,82575784400227.38
91.14473671897663,82597159638534.84
91.14473671897662,82597159638534.84
91.05115896053826,82618534876842.31
91.05115896053825,82618538126842.31
90.95758120209987,82639910115149.77
90.86400344366152,82661285353457.22
90.8640034436615,82661285353457.22
90.86400344366149,82661288603457.22
90.77042568522313,82682660591764.69
90.67684792678476,82704035830072.14
90.67684792678475,82704035830072.14
90.58327016834639,82725411068379.6
90.58327016834637,82725414318379.61
90.489692409908,82746786306687.06
90.39611465146965,82768161544994.52
90.39611465146963,82768161544994.53
90.39611465146962,82768164794994.53
90.30253689303126,82789536783301.97
90.20895913459287,82810912021609.44
90.11538137615452,82832287259916.9
90.1153813761545,82832290509916.9
90.02180361771615,82853662498224.36
90.02180361771613,82853662498224.36
89.92822585927777,82875037736531.81
89.92822585927776,82875037736531.81
89.92822585927775,82875040986531.81
89.83464810083939,82896412974839.28
89.741070342401,82917788213146.73
89.64749258396265,82939163451454.19
89.64749258396263,82939166701454.19
89.55391482552427,82960538689761.66
89.55391482552426,82960538689761.66
89.4603370670859,82981913928069.11
89.46033706708589,82981913928069.11
89.46033706708587,82981917178069.12
89.36675930864752,83003289166376.56
89.27318155020915,83024664404684.03
89.27318155020913,83024664404684.03
89.17960379177077,83046039642991.5
89.17960379177076,83046042892991.5
89.08602603333239,83067414881298.94
88.99244827489403,83088790119606.4
88.99244827489402,83088790119606.4
88.992448274894,83088793369606.4
88.89887051645564,83110165357913.88
88.80529275801726,83131540596221.33
88.7117149995789,83152915834528.78
88.71171499957889,83152919084528.78
88.61813724114052,83174291072836.25
88.52455948270216,83195666311143.7
88.52455948270214,83195666311143.7
88.52455948270213,83195669561143.7
88.43098172426377,83217041549451.16
88.3374039658254,83238416787758.62
88.33740396582539,83238416787758.62
88.24382620738703,83259792026066.08
88.24382620738702,83259795276066.08
88.15024844894864,83281167264373.53
88.05667069051027,83302542502681.0
88.05667069051026,83302545752681.0
87.9630929320719,83323917740988.47
87.86951517363352,83345292979295.9
87.77593741519516,83366668217603.38
87.77593741519514,83366671467603.38
87.68235965675679,83388043455910.84
87.68235965675677,83388043455910.84
87.5887818983184,83409418694218.28
87.58878189831839,83409421944218.3
87.49520413988003,83430793932525.75
87.40162638144164,83452169170833.22
87.30804862300329,83473544409140.67
87.30804862300327,83473547659140.67
87.2144708645649,83494919647448.12
87.12089310612654,83516294885755.6
87.12089310612653,83516294885755.6
87.12089310612652,83516298135755.6
87.02731534768816,83537670124063.05
87.02731534768814,83537676624063.06
86.93373758924977,83559045362370.5
86.84015983081142,83580420600677.97
86.8401598308114,83580423850677.97
86.74658207237303,83601795838985.44
86.65300431393466,83623171077292.88
86.65300431393464,83623174327292.88
86.55942655549629,83644546315600.34
86.4658487970579,83665921553907.81
86.37227103861954,83687296792215.27
86.37227103861953,83687300042215.27
86.27869328018116,83708672030522.72
86.18511552174279,83730047268830.19
86.18511552174277,83730050518830.19
86.09153776330442,83751422507137.64
86.0915377633044,83751429007137.66
85.99796000486603,83772797745445.1
85.90438224642767,83794176233752.56
85.90438224642766,83794176233752.56
85.8108044879893,83815551472060.0
85.81080448798929,83815551472060.02
85.71722672955092,83836926710367.47
85.7172267295509,83836926710367.47
85.62364897111254,83858301948674.94
85.62364897111253,83858305198674.94
85.53007121267417,83879677186982.39
85.53007121267416,83879677186982.39
85.4364934542358,83901052425289.84
85.43649345423579,83901052425289.84
85.34291569579742,83922427663597.31
85.24933793735904,83943802901904.77
85.24933793735903,83943802901904.78
85.15576017892067,83965178140212.22
85.15576017892066,83965181390212.25
85.06218242048229,83986553378519.69
84.96860466204393,84007928616827.14
84.96860466204392,84007928616827.16
84.87502690360554,84029303855134.6
84.78144914516717,84050679093442.06
84.78144914516716,84050679093442.06
84.6878713867288,84072054331749.52
84.68787138672879,84072054331749.53
84.59429362829043,84093429570056.97
84.59429362829042,84093429570056.98
84.50071586985206,84114804808364.44
84.50071586985204,84114804808364.44
84.40713811141367,84136180046671.9
84.3135603529753,84157555284979.36
84.31356035297529,84157555284979.36
84.21998259453693,84178930523286.81
84.21998259453692,84178933773286.83
84.12640483609856,84200305761594.28
84.12640483609854,84200305761594.28
84.03282707766019,84221680999901.73
84.03282707766017,84221680999901.75
84.03282707766016,84221680999901.75
83.9392493192218,84243056238209.19
83.84567156078344,84264431476516.66
83.84567156078343,84264431476516.66
83.84567156078342,84264431476516.66
83.75209380234506,84285806714824.11
83.75209380234504,84285806714824.12
83.65851604390669,84307181953131.56
83.65851604390667,84307181953131.56
83.56493828546832,84328557191439.03
83.56493828546829,84328557191439.03
83.47136052702993,84349932429746.48
83.37778276859157,84371307668053.94
83.37778276859156,84371307668053.94
83.37778276859154,84371307668053.95
83.28420501015319,84392682906361.4
83.28420501015317,84392686156361.4
83.1906272517148,84414058144668.88
83.09704949327644,84435433382976.33
83.09704949327643,84435433382976.33
83.00347173483806,84456808621283.78
82.90989397639969,84478183859591.25
82.90989397639967,84478183859591.25
82.81631621796132,84499559097898.7
82.8163162179613,84499559097898.72
82.72273845952293,84520934336206.16
82.62916070108456,84542309574513.62
82.53558294264619,84563684812821.08
82.44200518420783,84585060051128.53
82.44200518420782,84585060051128.53
82.4420051842078,84585060051128.55
82.34842742576944,84606435289436.0
82.34842742576943,84606438539436.0
82.25484966733106,84627810527743.45
82.1612719088927,84649185766050.9
82.16127190889269,84649185766050.92
82.16127190889267,84649185766050.94
82.06769415045432,84670561004358.38
81.97411639201594,84691936242665.84
81.97411639201593,84691936242665.84
81.88053863357757,84713311480973.3
81.88053863357756,84713311480973.31
81.78696087513919,84734686719280.75
81.69338311670083,84756061957588.22
81.69338311670082,84756061957588.22
81.6933831167008,84756061957588.22
81.59980535826244,84777437195895.67
81.50622759982409,84798812434203.12
81.50622759982406,84798812434203.12
81.4126498413857,84820187672510.6
81.41264984138569,84820187672510.6
81.31907208294733,84841562910818.05
81.31907208294732,84841562910818.05
81.22549432450894,84862938149125.5
81.22549432450893,84862938149125.52
81.13191656607057,84884313387432.97
81.0383388076322,84905688625740.42
81.03833880763219,84905688625740.44
80.94476104919383,84927063864047.88
80.94476104919381,84927063864047.89
80.85118329075544,84948439102355.34
80.75760553231709,84969814340662.81
80.75760553231707,84969814340662.81
80.75760553231706,84969817590662.81
80.6640277738787,84991189578970.27
80.57045001544033,85012564817277.72
80.57045001544031,85012564817277.72
80.47687225700196,85033940055585.19
80.47687225700194,85033940055585.19
80.38329449856359,85055315293892.64
80.38329449856357,85055315293892.64
80.28971674012521,85076690532200.1
80.2897167401252,85076690532200.1
80.28971674012519,85076693782200.11
80.19613898168683,85098065770507.56
80.10256122324847,85119441008815.02
80.10256122324846,85119441008815.02
80.10256122324844,85119441008815.03
80.00898346481009,85140816247122.47
80.00898346481007,85140819497122.48
79.91540570637171,85162191485429.94
79.9154057063717,85162191485429.94
79.82182794793334,85183566723737.4
79.82182794793333,85183566723737.4
79.82182794793331,85183569973737.4
79.72825018949496,85204941962044.86
79.63467243105659,85226317200352.31
79.63467243105657,85226317200352.31
79.54109467261821,85247692438659.78
79.5410946726182,85247695688659.78
79.44751691417983,85269067676967.23
79.35393915574146,85290442915274.69
79.35393915574144,85290446165274.69
79.26036139730309,85311818153582.16
79.16678363886471,85333193391889.61
79.1667836388647,85333193391889.61
79.07320588042634,85354568630197.06
79.07320588042633,85354571880197.08
78.97962812198796,85375943868504.53
78.8860503635496,85397319106812.0
78.88605036354959,85397319106812.0
78.88605036354957,85397322356812.0
78.79247260511121,85418694345119.44
78.7924726051112,85418697595119.47
78.69889484667284,85440069583426.9
78.69889484667283,85440069583426.9
78.60531708823447,85461444821734.38
78.60531708823446,85461444821734.38
78.51173932979609,85482820060041.83
78.41816157135773,85504195298349.28
78.41816157135771,85504195298349.28
78.4181615713577,85504198548349.28
78.32458381291934,85525570536656.75
78.32458381291933,85525573786656.75
78.23100605448097,85546945774964.2
78.23100605448096,85546945774964.2
78.1374282960426,85568321013271.66
78.13742829604259,85568324263271.66
78.04385053760423,85589696251579.12
78.04385053760421,85589696251579.12
77.95027277916584,85611071489886.58
77.95027277916583,85611074739886.6
77.85669502072747,85632446728194.03
77.7631172622891,85653821966501.5
77.76311726228909,85653821966501.5
77.66953950385073,85675197204808.97
77.66953950385071,85675200454808.97
77.57596174541234,85696572443116.4
77.48238398697397,85717947681423.88
77.48238398697396,85717950931423.88
77.3888062285356,85739322919731.34
77.38880622853559,85739326169731.34
77.29522847009721,85760698158038.8
77.20165071165886,85782073396346.25
77.20165071165884,85782076646346.25
77.10807295322047,85803448634653.72
77.0144951947821,85824823872961.17
77.01449519478209,85824827122961.17
76.92091743634373,85846199111268.62
76.92091743634371,85846202361268.64
76.82733967790537,85867574349576.1
76.82733967790536,85867574349576.1
76.82733967790534,85867574349576.1
76.73376191946699,85888949587883.55
76.73376191946697,85888949587883.55
76.6401841610286,85910324826191.0
76.54660640259023,85931700064498.47
76.54660640259021,85931703314498.47
76.45302864415186,85953075302805.94
76.45302864415184,85953078552805.94
76.35945088571347,85974450541113.38
76.26587312727511,85995825779420.84
76.2658731272751,85995825779420.84
76.17229536883674,86017201017728.31
76.17229536883673,86017201017728.31
76.07871761039836,86038576256035.77
76.07871761039834,86038579506035.77
75.98513985195999,86059951494343.22
75.98513985195997,86059954744343.22
75.8915620935216,86081326732650.69
75.79798433508324,86102701970958.14
75.79798433508323,86102705220958.14
75.70440657664486,86124077209265.6
75.61082881820649,86145452447573.06
75.61082881820647,86145455697573.06
75.51725105976811,86166827685880.53
75.5172510597681,86166830935880.53
75.42367330132974,86188202924187.97
75.42367330132973,86188202924187.97
75.33009554289137,86209578162495.44
75.33009554289136,86209581412495.44
75.23651778445299,86230953400802.9
75.14294002601461,86252328639110.36
75.1429400260146,86252331889110.34
75.04936226757624,86273703877417.81
75.04936226757623,86273707127417.81
74.95578450913786,86295079115725.28
74.8622067506995,86316454354032.73
74.86220675069949,86316457604032.73
74.76862899226113,86337832842340.19
74.76862899226111,86337832842340.19
74.67505123382276,86359208080647.66
74.67505123382274,86359208080647.66
74.67505123382273,86359208080647.66
74.58147347538437,86380583318955.1
74.58147347538436,86380583318955.12
74.48789571694599,86401958557262.56
74.39431795850763,86423333795570.03
74.39431795850761,86423333795570.03
74.30074020006926,86444709033877.48
74.30074020006924,86444709033877.48
74.20716244163087,86466084272184.94
74.20716244163086,86466084272184.94
74.1135846831925,86487459510492.4
74.11358468319249,86487459510492.4
74.02000692475411,86508834748799.86
73.92642916631576,86530209987107.31
73.92642916631574,86530209987107.31
73.83285140787737,86551585225414.78
73.73927364943901,86572960463722.23
73.739273649439,86572960463722.25
73.73927364943899,86572960463722.25
73.64569589100063,86594335702029.69
73.64569589100061,86594335702029.7
73.55211813256226,86615710940337.16
73.55211813256224,86615710940337.16
73.45854037412388,86637086178644.62
73.45854037412387,86637086178644.62
73.3649626156855,86658461416952.06
73.27138485724713,86679836655259.53
73.27138485724711,86679836655259.53
73.17780709880876,86701211893567.0
73.17780709880874,86701211893567.0
73.08422934037038,86722587131874.45
73.08422934037037,86722587131874.45
72.990651581932,86743962370181.9
72.89707382349363,86765337608489.38
72.80349606505526,86786712846796.83
72.80349606505524,86786712846796.83
72.70991830661688,86808088085104.28
72.70991830661687,86808088085104.3
72.61634054817851,86829463323411.75
72.6163405481785,86829463323411.75
72.52276278974014,86850838561719.2
72.52276278974013,86850838561719.22
72.42918503130176,86872213800026.66
72.33560727286338,86893589038334.12
72.33560727286337,86893589038334.12
72.24202951442501,86914964276641.6
72.242029514425,86914964276641.6
72.14845175598663,86936339514949.03
72.05487399754827,86957714753256.5
72.05487399754826,86957714753256.5
71.96129623910988,86979089991563.97
71.86771848067151,87000465229871.42
71.8677184806715,87000465229871.42
71.77414072223314,87021840468178.88
71.77414072223313,87021840468178.88
71.68056296379476,87043215706486.34
71.5869852053564,87064590944793.8
71.58698520535638,87064590944793.8
71.49340744691801,87085966183101.25
71.39982968847964,87107341421408.72
71.39982968847963,87107341421408.72
71.30625193004127,87128716659716.19
71.30625193004126,87128716659716.19
71.21267417160288,87150091898023.62
71.11909641316453,87171467136331.1
71.11909641316451,87171467136331.1
71.02551865472614,87192842374638.56
70.93194089628777,87214217612946.02
70.93194089628776,87214217612946.02
70.8383631378494,87235592851253.47
70.83836313784938,87235592851253.47
70.74478537941101,87256968089560.94
70.65120762097266,87278343327868.39
70.65120762097264,87278343327868.39
70.55762986253427,87299718566175.84
70.4640521040959,87321093804483.31
70.46405210409588,87321093804483.31
70.37047434565753,87342469042790.78
70.37047434565751,87342469042790.78
70.27689658721916,87363844281098.22
70.27689658721914,87363844281098.22
70.18331882878077,87385219519405.69
70.0897410703424,87406594757713.16
69.99616331190401,87427969996020.61
69.90258555346566,87449345234328.06
69.90258555346564,87449345234328.06
69.80900779502728,87470720472635.53
69.80900779502727,87470720472635.53
69.7154300365889,87492095710942.98
69.62185227815053,87513470949250.44
69.52827451971216,87534846187557.9
69.52827451971214,87534849437557.9
69.43469676127377,87556221425865.38
69.3411190028354,87577596664172.81
69.24754124439704,87598971902480.28
69.24754124439703,87598971902480.28
69.15396348595866,87620347140787.75
69.06038572752028,87641722379095.2
69.06038572752027,87641725629095.19
68.96680796908191,87663097617402.66
68.9668079690819,87663100867402.66
68.87323021064353,87684472855710.12
68.77965245220516,87705848094017.58
68.68607469376678,87727223332325.03
68.59249693532841,87748598570632.5
68.5924969353284,87748601820632.48
68.49891917689004,87769973808939.97
68.49891917689003,87769977058939.95
68.40534141845166,87791349047247.4
68.31176366001328,87812724285554.88
68.21818590157491,87834102773862.31
68.12460814313654,87855478012169.78
68.12460814313653,87855478012169.78
68.03103038469817,87876853250477.25
68.03103038469816,87876853250477.25
67.93745262625978,87898228488784.69
67.84387486782143,87919603727092.16
67.84387486782141,87919603727092.16
67.75029710938304,87940978965399.62
67.65671935094466,87962354203707.08
67.5631415925063,87983729442014.53
67.56314159250628,87983729442014.53
67.46956383406791,88005104680322.0
67.37598607562956,88026479918629.45
67.37598607562954,88026479918629.45
67.28240831719117,88047855156936.9
67.18883055875278,88069230395244.38
67.09525280031443,88090605633551.84
67.09525280031441,88090605633551.84
67.00167504187604,88111980871859.28
66.90809728343767,88133356110166.75
66.8145195249993,88154731348474.22
66.72094176656091,88176106586781.67
66.62736400812256,88197481825089.12
66.62736400812254,88197481825089.12
66.53378624968417,88218857063396.6
66.4402084912458,88240232301704.05
66.34663073280743,88261607540011.5
66.25305297436904,88282982778318.97
66.15947521593068,88304358016626.44
66.15947521593067,88304358016626.44
66.0658974574923,88325733254933.88
65.97231969905393,88347108493241.34
65.87874194061555,88368483731548.81
65.78516418217717,88389858969856.27
65.6915864237388,88411234208163.72
65.59800866530043,88432609446471.19
65.50443090686205,88453984684778.64
65.41085314842368,88475359923086.1
65.41085314842367,88475359923086.11
65.3172753899853,88496735161393.56
65.22369763154694,88518110399701.03
65.22369763154693,88518110399701.03
65.13011987310855,88539485638008.47
65.03654211467018,88560860876315.94
64.94296435623181,88582236114623.4
64.9429643562318,88582236114623.4
64.84938659779343,88603611352930.86
64.75580883935507,88624986591238.31
64.75580883935505,88624986591238.31
64.66223108091668,88646361829545.78
64.56865332247831,88667737067853.23
64.47507556403994,88689112306160.69
64.38149780560155,88710487544468.16
64.28792004716318,88731862782775.62
64.19434228872481,88753238021083.06
64.10076453028644,88774613259390.53
64.00718677184807,88795988497698.0
63.91360901340969,88817363736005.45
63.91360901340968,88817363736005.45
63.82003125497131,88838738974312.9
63.72645349653295,88860114212620.38
63.72645349653294,88860114212620.38
63.63287573809457,88881489450927.83
63.5392979796562,88902864689235.28
63.53929797965619,88902867939235.28
63.53929797965618,88902867939235.28
63.44572022121781,88924239927542.75
63.35214246277944,88945615165850.22
63.25856470434107,88966990404157.66
63.1649869459027,88988365642465.12
63.071409187464326,89009740880772.6
63.07140918746431,89009744130772.6
62.97783142902595,89031119369080.03
62.97783142902594,89031119369080.05
62.884253670587576,89052494607387.5
62.88425367058757,89052494607387.5
62.7906759121492,89073869845694.97
62.697098153710826,89095245084002.42
62.603520395272454,89116620322309.88
62.60352039527245,89116620322309.88
62.509942636834076,89137995560617.34
62.50994263683407,89137995560617.34
62.4163648783957,89159370798924.8
62.322787119957326,89180746037232.25
62.229209361518954,89202121275539.72
62.20266634568213,89223496513847.19
62.135631603080576,89223496513847.19
62.10908858724376,89244871752154.62
62.0420538446422,89244871752154.62
61.948476086203826,89266246990462.1
61.854898327765454,89287622228769.56
61.76132056932708,89308997467077.02
61.73477755349026,89330372705384.47
61.6547375470757,89394498420306.84
61.62805754493752,89415873658614.31
61.6015145291007,89437248896921.77
61.521474522686134,89501374611844.14
61.49493150684931,89522749850151.6
