Index,Total_Time,Total_Cost
49,186.2198,60879888268156.42
99,185.9648,60938133735434.95
149,185.70979999999997,60996379202713.484
199,185.45479999999998,61054624669992.02
249,185.19979999999998,61112870137270.55
299,184.9448,61171115604549.08
349,184.6898,61229361071827.61
399,184.43489999999997,61287603289106.14
449,184.4348,61287608216209.47
499,184.17989999999998,61345848756384.68
549,184.1798,61345853683488.0
599,183.92489999999998,61404094223663.21
649,183.9248,61404099150766.53
699,183.66989999999998,61462339690941.74
799,183.6698,61462344618045.06
849,183.4149,61520585158220.27
348,183.4148,61520590807629.2
899,183.1599,61578830625498.8
448,183.15980000000002,61578837952011.06
949,182.9049,61637076092777.33
548,182.90480000000002,61637083419289.59
1049,182.6499,61695318310055.86
648,182.6498,61695328886568.125
1099,182.39499999999998,61753563777334.41
1149,182.3949,61753568704437.72
798,182.3948,61753574353846.66
1199,182.14,61811809244612.93
1249,182.1399,61811814171716.25
1299,181.885,61870054711891.46
1349,181.88490000000002,61870059638994.78
146,181.8849,61870061910118.25
1399,181.63,61928300179169.99
1449,181.6299,61928301856273.31
1499,181.375,61986545646448.52
1048,181.3749,61986548045857.45
1549,181.12,62044791113727.05
296,181.1199,62044798311953.85
1599,180.865,62103033331005.58
346,180.86489999999998,62103043779232.375
1649,180.61,62161278798284.125
1699,180.60999999999999,62161282152490.77
1348,180.6099,62161289374796.375
446,180.60989999999998,62161290923614.234
1749,180.355,62219524265562.66
1448,180.3549,62219531592074.91
1799,180.1001,62277769732841.18
1047,180.1,62277774531659.05
646,180.0999,62277781858171.3
1949,179.8451,62336015200119.71
1999,179.845,62336016877223.03
746,179.84499999999997,62336025752553.16
796,179.8449,62336027325449.83
2099,179.5901,62394260667398.24
2149,179.58999999999997,62394262344501.57
2199,179.3351,62452506134676.77
2249,179.33499999999998,62452507811780.1
2299,179.0801,62510748351955.3
1748,179.07999999999998,62510754001364.24
2399,178.8251,62568993819233.84
1046,178.825,62569001017460.625
2499,178.5701,62627239286512.375
2549,178.57009999999997,62627242640719.03
1998,178.57,62627246613024.625
2649,178.31509999999997,62685484753790.91
2148,178.315,62685492080303.16
2699,178.0602,62743730221069.43
2749,178.06009999999998,62743731898172.75
2248,178.06,62743737547581.69
2799,177.8052,62801975688347.96
2849,177.80509999999998,62801977365451.29
1446,177.805,62801984563678.08
2899,177.5502,62860221155626.49
2949,177.5501,62860222832729.82
2448,177.55,62860236867655.41
3049,177.2952,62918463372905.02
3099,177.2951,62918468300008.35
2598,177.29500000000002,62918482334933.94
3149,177.04019999999997,62976708840183.56
2648,177.0401,62976714489592.49
3249,176.78519999999997,63034954307462.09
1646,176.7851,63034961505688.89
3399,176.53019999999998,63093199774740.625
1746,176.5301,63093206972967.42
3499,176.27519999999998,63151445242019.16
2948,176.2751,63151452568531.41
3599,176.0203,63209690709297.68
3649,176.0202,63209692386401.016
3098,176.0201,63209698035809.94
2046,176.02009999999999,63209709543041.125
3749,175.7653,63267936176576.22
3799,175.7652,63267937853679.54
2146,175.7651,63267945051906.34
3849,175.51029999999997,63326178393854.75
3899,175.5102,63326183320958.07
2246,175.5101,63326190519184.875
3999,175.25529999999998,63384423861133.28
4049,175.2552,63384428788236.6
3448,175.2551,63384439573162.19
4149,175.00029999999998,63442669328411.81
3498,175.0002,63442674977820.74
2446,175.0001,63442689839258.58
642,175.00009999999997,63442694301377.67
4249,174.7453,63500914795690.34
2496,174.7452,63500921993917.14
2546,174.74519999999998,63500925348123.8
2596,174.74509999999998,63500935306537.11
4349,174.4903,63559160262968.875
2646,174.4902,63559167461195.67
4499,174.2353,63617405730247.4
3898,174.23520000000002,63617413056759.66
2746,174.2352,63617414605577.516
4599,173.9803,63675651197525.94
4048,173.98020000000002,63675658524038.19
2846,173.9802,63675660072856.06
992,173.98019999999997,63675674597595.13
4699,173.72539999999998,63733893414804.47
4749,173.7253,63733898341907.79
2946,173.7252,63733905540134.59
2996,173.72519999999997,63733912248547.91
4849,173.47039999999998,63792142236289.66
4899,173.4703,63792143809186.32
3096,173.47019999999998,63792151007413.125
4999,173.2154,63850387703568.19
5049,173.2153,63850389276464.85
3146,173.21529999999998,63850391547588.33
4398,173.2152,63850400061390.44
2144,173.21519999999998,63850401273509.53
5149,172.9604,63908633170846.72
5199,172.96030000000002,63908634743743.39
3246,172.9603,63908637014866.86
4548,172.9602,63908645528668.97
5299,172.7054,63966876961021.92
4598,172.7053,63966880933327.53
3446,172.7052,63966892544765.36
4698,172.4504,64025123150606.06
3496,172.4503,64025127949423.92
3546,172.45029999999997,64025131303630.58
2444,172.4502,64025146060861.77
5599,172.1954,64083369572682.31
4898,172.1953,64083373544987.91
5649,172.19529999999997,64083376281095.63
2594,172.1952,64083391528140.305
5699,171.9404,64141615039960.85
5048,171.9403,64141619012266.44
3796,171.94029999999998,64141620561084.31
5799,171.6855,64199857257239.38
3846,171.6854,64199861101259.516
5198,171.6853,64199864479544.984
3896,171.68529999999998,64199866028362.84
5949,171.4305,64258106078724.56
3996,171.4304,64258106568538.05
4046,171.4303,64258111495641.375
4697,171.1755,64316349636407.66
4146,171.1754,64316352035816.58
5498,171.1753,64316360549618.69
6199,170.9205,64374597013281.625
4246,170.92039999999997,64374597503095.11
5648,170.9203,64374606016897.22
6299,170.6655,64432840803456.84
4346,170.66539999999998,64432842970373.64
4396,170.6653,64432853032993.625
5798,170.4105,64491086993040.97
4496,170.41039999999998,64491088437652.17
4546,170.4103,64491098500272.16
5297,170.15550000000002,64549333182625.11
4596,170.1554,64549333904930.71
3444,170.1553,64549348766368.555
4696,169.9005,64607576122209.234
4746,169.9004,64607581049312.56
4796,169.90030000000002,64607601070345.84
6949,169.6456,64665821099674.28
4846,169.64549999999997,64665824943694.43
4896,169.6454,64665826516591.09
4946,169.6453,64665846537624.375
7099,169.39049999999997,64724069921159.484
5046,169.3904,64724071983869.625
5797,169.1356,64782313478842.57
7249,169.13549999999998,64782315388438.016
5196,169.1354,64782317451148.16
5296,168.88049999999998,64840559668426.69
6648,168.8804,64840566505125.47
7499,168.6256,64898804645891.74
7549,168.6255,64898806322995.07
5496,168.6254,64898813521221.875
5546,168.62539999999998,64898816875428.516
6948,168.37060000000002,64957050835475.875
7649,168.3705,64957051790273.6
5646,168.3704,64957058988500.41
6297,168.1156,65015297025060.03
7749,168.1155,65015297257552.13
4394,168.11540000000002,65015309254596.81
2140,168.1154,65015310466715.875
5796,167.86059999999998,65073539964644.16
7799,167.8605,65073542724830.67
4544,167.8604,65073554721875.34
3342,167.86039999999997,65073566124899.85
7849,167.60559999999998,65131784942109.2
4594,167.6055,65131790126533.91
6046,167.6054,65131803775852.625
3442,167.60539999999997,65131804987971.734
4694,167.3506,65190032343812.43
6146,167.3505,65190035826304.55
3542,167.35049999999998,65190043746836.95
2440,167.3504,65190055254068.125
636,167.35039999999998,65190059716187.22
6947,167.09570000000002,65248277321277.47
8049,167.0956,65248279230872.91
6246,167.0955,65248281293583.08
2590,167.09539999999998,65248300721346.66
6296,166.8406,65306523510861.61
7748,166.84050000000002,65306526993353.72
6346,166.8405,65306528542171.59
8249,166.5857,65364768488326.65
5795,166.58569999999997,65364769700445.75
8299,166.5856,65364770165429.97
7798,166.5855,65364772460632.266
3942,166.58549999999997,65364785179982.53
7848,166.3306,65423014677910.8
6646,166.3305,65423019476728.66
6696,166.33049999999997,65423022830935.3
4693,166.07569999999998,65481258829614.016
8549,166.0756,65481261099987.03
5494,166.0755,65481269742825.06
5544,166.07549999999998,65481273097031.71
6946,165.8207,65539503807079.05
8599,165.8206,65539506567265.57
6996,165.82059999999998,65539508734182.375
5644,165.82049999999998,65539515210103.59
8649,165.5657,65597748784544.1
7096,165.5656,65597752628564.25
7146,165.5655,65597764264080.875
5794,165.3107,65655996186247.34
7246,165.3106,65655998095842.78
7296,165.3105,65656009731359.41
7847,165.0557,65714241163712.39
7396,165.0556,65714243563121.31
4592,165.05559999999997,65714246348137.08
3440,165.0555,65714257959574.91
7496,164.8007,65772487353296.516
7546,164.80059999999997,65772489030399.84
7596,164.8005,65772509051433.11
9249,164.54579999999999,65830732330761.56
9299,164.5457,65830734007864.89
7646,164.54559999999998,65830734497678.375
7696,164.5455,65830754518711.64
8648,164.29070000000002,65888978520345.69
7746,164.29059999999998,65888979964956.91
5793,164.0358,65947222672048.94
9549,164.03570000000002,65947224942421.95
7796,164.0356,65947225432235.44
7846,163.7807,66005467649513.97
5342,163.78069999999997,66005473788736.39
6644,163.7806,66005475698331.84
9849,163.5258,66063712626979.02
7946,163.52569999999997,66063716470999.15
7996,163.5256,66063724752309.125
6944,163.2708,66121960028682.24
8046,163.27069999999998,66121961938277.68
8096,163.2706,66121970219587.66
8647,163.0158,66180205006147.29
8146,163.01569999999998,66180207405556.21
4390,163.0156,66180218447803.16
8246,162.76080000000002,66238451195731.42
10349,162.7608,66238452383021.26
8296,162.76069999999999,66238452872834.734
4540,162.7606,66238463915081.69
10449,162.5058,66296696173196.46
8396,162.5057,66296698340113.266
8446,162.50560000000002,66296711756939.89
8496,162.5056,66296718361146.55
4690,162.2508,66354941537018.78
8546,162.2507,66354943807391.8
9998,162.25060000000002,66354964060917.2
632,162.2506,66354968909393.58
6943,161.9959,66413186514483.83
10699,161.9958,66413187211960.18
10749,161.99579999999997,66413188784856.85
8596,161.9957,66413189274670.34
10198,161.9956,66413209528195.734
8646,161.74079999999998,66471431491948.875
7744,161.7407,66471436186560.09
331,161.7406,66471457316256.25
10999,161.4859,66529676469413.92
11049,161.48579999999998,66529678146517.24
7794,161.4857,66529681653838.63
431,161.4856,66529704460638.11
11149,161.2308,66587923613795.77
8996,161.2307,66587930707815.91
6692,161.23069999999998,66587935274141.67
531,161.2306,66587949927916.64
9847,160.97590000000002,66646168848582.21
11299,160.9758,66646169081074.3
5490,160.97570000000002,66646178936031.41
5540,160.9757,66646182290238.06
631,160.9756,66646195395195.17
11349,160.7208,66704414548352.836
5640,160.7207,66704424403309.94
781,160.7206,66704440862473.7
11399,160.46589999999998,66762656765631.37
9396,160.4658,66762662182548.19
9496,160.4657,66762672245168.16
7192,160.46569999999997,66762683415700.56
5790,160.21089999999998,66820905379453.69
9546,160.2108,66820907649826.72
9646,160.2107,66820917712446.67
7342,160.21069999999997,66820930560082.42
7843,159.95589999999999,66879150356918.75
9696,159.9558,66879153117105.266
11248,159.9557,66879166766423.984
3436,159.95569999999998,66879170402781.28
9846,159.7009,66937395334383.8
11298,159.70080000000002,66937398816875.89
7542,159.7008,66937401473606.21
1031,159.70069999999998,66937414554484.5
11899,159.446,66995640311848.82
11949,159.4459,66995641988952.15
11348,159.44580000000002,66995644284154.42
10146,159.4458,66995645832972.3
10196,159.4457,66995662499798.91
11398,159.1909,67053886501432.95
10296,159.1908,67053891196044.16
1231,159.1907,67053910416144.89
10997,158.93599999999998,67112132691017.11
12149,158.9359,67112132923509.21
10396,158.9358,67112136663322.7
7792,158.93579999999997,67112137875441.81
1331,158.9357,67112155883423.42
12299,158.6809,67170378390787.75
6640,158.6808,67170384891538.19
6690,158.68079999999998,67170388245744.84
1431,158.6807,67170398100701.95
12399,158.426,67228620608066.28
10596,158.4259,67228624452086.42
7942,158.42589999999998,67228628914205.516
10646,158.42579999999998,67228632733396.41
629,158.4257,67228651616798.35
6940,158.171,67286869221888.59
10696,158.17090000000002,67286869919364.95
10746,158.1709,67286871492261.625
10796,158.17079999999999,67286878200674.92
779,158.1707,67286897084076.88
11397,157.916,67345112987234.555
10896,157.9159,67345115386643.484
12098,157.9158,67345127254652.234
10996,157.661,67403359176818.69
11046,157.6609,67403360853922.016
8292,157.66089999999997,67403365316041.11
12198,157.6608,67403372721930.766
12949,157.406,67461604154283.73
11146,157.4059,67461606321200.55
11196,157.40589999999997,67461609675407.2
11246,157.4058,67461619738027.16
12398,157.151,67519850343867.875
11296,157.15089999999998,67519851788479.06
1029,157.1508,67519870776087.68
11897,156.8961,67578096533452.01
13149,156.89600000000002,67578096765944.11
11346,156.89589999999998,67578097255757.61
1981,156.8958,67578113121651.67
11396,156.641,67636339473036.14
7740,156.6409,67636345379766.44
2131,156.6408,67636358588930.21
13499,156.3861,67694584450501.18
11546,156.386,67694588294521.33
7790,156.3859,67694590847044.984
2231,156.38580000000002,67694604056208.74
7840,156.131,67752833064323.516
4585,156.13099999999997,67752838248748.21
11696,156.1309,67752838688903.17
1429,156.1308,67752854322305.13
12397,155.8761,67811076829669.47
11746,155.87599999999998,67811079229078.39
13098,155.8759,67811087742880.484
2431,155.87580000000003,67811103376282.45
627,155.8758,67811107838401.53
11896,155.6211,67869323019253.59
11946,155.62099999999998,67869324696356.92
13248,155.6209,67869333210159.016
2581,155.6208,67869348843560.984
14049,155.3661,67927567996718.64
12046,155.36599999999999,67927570163635.45
12096,155.3659,67927580226255.42
13498,155.11110000000002,67985814186302.766
14199,155.1111,67985815141100.5
12146,155.111,67985815630913.984
12196,155.11090000000002,67985825693533.95
12246,155.1109,67985834079050.59
12947,154.8561,68044060375886.914
12296,154.856,68044061098192.516
2831,154.85590000000002,68044073609879.93
1729,154.8559,68044076731594.47
12396,154.60109999999997,68102303315471.05
11294,154.601,68102308010082.26
2931,154.60090000000002,68102319077158.46
12496,154.6009,68102325013607.66
14549,154.3462,68160548292936.1
12546,154.34609999999998,68160552136956.234
11344,154.346,68160553477360.8
3081,154.3459,68160564544436.99
10192,154.34589999999997,68160574943005.28
11394,154.09109999999998,68218795694639.33
12796,154.091,68218799177131.42
2129,154.09089999999998,68218814810533.39
13497,153.83620000000002,68277040672104.37
10993,153.8362,68277041884223.47
14849,153.8361,68277042581699.81
12896,153.836,68277044644409.97
14899,153.83599999999998,68277050967216.45
2229,153.83589999999998,68277060277811.92
12946,153.5811,68335286861688.5
14398,153.58100000000002,68335293698387.266
12996,153.581,68335295247205.14
3431,153.58089999999999,68335306081789.234
15049,153.3262,68393531839153.55
12395,153.32619999999997,68393533051272.65
15099,153.3261,68393533516256.875
13096,153.326,68393540714483.67
2429,153.3259,68393559597885.63
14548,153.0712,68451778028737.69
15199,153.0711,68451778983535.4
13246,153.071,68451786181762.2
2529,153.07099999999997,68451795106750.85
2579,153.0709,68451805065164.164
11393,152.81619999999998,68510022180440.92
15299,152.8161,68510024450813.93
3781,152.816,68510034098108.18
2629,152.81599999999997,68510037219822.72
13496,152.56119999999999,68568267157905.95
15399,152.5611,68568269918092.48
3881,152.561,68568279565386.71
2729,152.56099999999998,68568284364204.57
15449,152.3062,68626512135371.0
12294,152.30610000000001,68626517319795.71
13696,152.3061,68626517552287.81
4031,152.306,68626525032665.24
13746,152.30599999999998,68626527719114.44
12394,152.0512,68684759537074.24
13846,152.0511,68684763019566.34
2929,152.051,68684775298761.64
14547,151.7963,68743004514539.29
15699,151.7962,68743006424134.73
13996,151.7961,68743008486844.875
3079,151.796,68743020766040.17
14046,151.5412,68801250704123.41
15298,151.5411,68801254186615.516
3129,151.54109999999997,68801261306215.38
4381,151.541,68801266570017.49
15899,151.28629999999998,68859495681588.46
15949,151.2862,68859497358691.78
15398,151.2861,68859499653894.06
7786,151.28609999999998,68859503290251.36
4531,151.286,68859512037296.02
16049,151.0313,68917741253073.64
15448,151.0312,68917741871172.59
16099,151.03119999999998,68917742825970.31
14396,151.03109999999998,68917746669990.45
3429,151.031,68917762303392.414
12393,150.7763,68975986022875.83
16249,150.7762,68975988293248.84
4731,150.77609999999999,68975994586336.43
4781,150.776,68976014607369.71
14546,150.5213,69034231000340.875
16349,150.5212,69034233760527.38
4881,150.5211,69034240053614.96
4931,150.52100000000002,69034260074648.24
16399,150.2663,69092475977805.914
14746,150.2662,69092479821826.05
5031,150.2661,69092485520893.49
16499,150.0113,69150723122187.76
14846,150.0112,69150725289104.58
12142,150.01119999999997,69150728074120.35
5181,150.0111,69150730988172.03
15447,149.7563,69208968356974.19
14946,149.75619999999998,69208970756383.11
4029,149.7561,69208981254268.42
16749,149.5013,69267214056744.836
15096,149.50119999999998,69267216223661.64
5481,149.5011,69267227058245.74
16849,149.2464,69325456274023.36
16899,149.2463,69325461201126.695
15196,149.2462,69325461690940.17
5631,149.2461,69325472525524.27
2025,149.24609999999998,69325488494874.53
11390,148.9913,69383704887845.67
15296,148.9912,69383707158218.7
4379,148.99110000000002,69383722791620.67
2125,148.9911,69383724003739.75
13493,148.7364,69441949865310.734
17249,148.7363,69441950562787.086
15396,148.7362,69441952625497.25
4529,148.7361,69441968258899.2
15446,148.4813,69500194842775.766
17349,148.48129999999998,69500196030065.61
16698,148.4812,69500201679474.55
6031,148.48110000000003,69500217312876.49
3427,148.4811,69500218524995.59
17449,148.2264,69558439820240.82
17499,148.22629999999998,69558441497344.14
15646,148.2262,69558448695570.94
2425,148.2261,69558468791091.99
16848,147.97140000000002,69616686009824.95
17599,147.97129999999999,69616686964622.67
15746,147.9712,69616694162849.47
13292,147.97119999999998,69616701979175.234
2575,147.9711,69616714258370.52
4929,147.97109999999998,69616716296251.42
16397,147.7164,69674932199409.1
17699,147.7163,69674932431901.2
5029,147.71620000000001,69674941742496.67
2625,147.7162,69674946413029.08
17799,147.4613,69733177899179.74
5179,147.46120000000002,69733187209775.21
14894,147.4612,69733189896224.414
17849,147.2064,69791420116458.27
16096,147.2063,69791425533375.08
6631,147.20620000000002,69791433013752.52
6681,147.2062,69791436367959.17
12390,146.95139999999998,69849668730280.59
16246,146.9513,69849671000653.61
5479,146.9512,69849683279848.92
5529,146.95119999999997,69849686634055.57
16847,146.69650000000001,69907912495626.55
18249,146.69639999999998,69907914405221.99
16346,146.6963,69907916467932.16
5629,146.69619999999998,69907928747127.45
16396,146.4414,69966158685210.69
17698,146.4413,69966162167702.8
3125,146.44129999999998,69966170499421.74
7131,146.4412,69966177801104.75
2123,146.44119999999998,69966180225342.93
18549,146.1865,70024403662675.72
18599,146.1864,70024405339779.055
17798,146.18630000000002,70024407634981.33
16546,146.1863,70024409183799.19
7281,146.1862,70024423268383.28
4527,146.18619999999999,70024424480502.38
17848,145.9314,70082649852259.86
16696,145.9313,70082654651077.72
3425,145.9312,70082671496598.77
17447,145.6765,70140896041844.01
18849,145.6764,70140896274336.11
7531,145.6763,70140902567423.71
5528,145.67629999999997,70140913119857.16
7581,145.6762,70140922588456.984
16846,145.42149999999998,70199138981428.125
18949,145.4214,70199141741614.65
7631,145.4213,70199148034702.24
6229,145.42129999999997,70199151052210.13
7681,145.4212,70199168055735.51
19049,145.16649999999998,70257383958893.18
17096,145.1664,70257387802913.33
7731,145.1663,70257393501980.77
6329,145.16629999999998,70257398300798.64
13490,144.9115,70315632572715.484
17246,144.9114,70315633270191.86
7781,144.91129999999998,70315638969259.31
17847,144.6565,70373876338061.47
17346,144.6564,70373878737470.38
6629,144.6563,70373889235355.7
17446,144.4015,70432122527645.6
17496,144.4014,70432124204748.9
7981,144.4013,70432138289333.0
19599,144.1466,70490367505110.62
16845,144.14659999999998,70490368717229.72
19649,144.1465,70490369182213.97
17596,144.1464,70490369672027.44
6228,144.14639999999997,70490377538011.72
8081,144.1463,70490383756611.53
19048,143.8915,70548613694694.77
17696,143.8914,70548615139305.97
7079,143.89139999999998,70548622387191.3
4375,143.8913,70548631984827.03
18547,143.6366,70606859884278.9
19999,143.6365,70606860116771.03
17796,143.63639999999998,70606860606584.52
4525,143.6363,70606877452105.56
17846,143.3815,70665102823863.05
16694,143.38139999999999,70665110872680.9
8431,143.3813,70665125293963.75
20249,143.1266,70723347801328.1
17996,143.1265,70723351645348.23
8531,143.1264,70723357344415.67
7579,143.12630000000001,70723378810060.16
617,143.1263,70723382446417.44
16844,142.8716,70781595203031.31
18246,142.8715,70781597112626.77
8581,142.8714,70781602811694.22
7679,142.87130000000002,70781624277338.69
4925,142.8713,70781625489457.78
19047,142.6166,70839840180496.38
18396,142.6165,70839842579905.3
15792,142.61649999999997,70839847042024.39
7729,142.6164,70839849723583.95
18546,142.3616,70898086370080.48
18596,142.3615,70898088047183.83
17795,142.36149999999998,70898090342386.11
7779,142.3614,70898095190862.5
20899,142.10660000000001,70956331347545.53
17845,142.1066,70956332559664.64
18746,142.10649999999998,70956333514462.36
8981,142.1064,70956344244839.78
967,142.10639999999998,70956362742634.9
20248,141.85160000000002,71014577537129.69
21049,141.8516,71014578491927.4
18846,141.8515,71014578981740.88
5475,141.8514,71014592473055.28
5525,141.85139999999998,71014595827261.94
16843,141.5967,71072821688832.9
21249,141.5966,71072823959205.94
18946,141.5965,71072824449019.42
5625,141.5964,71072837940333.81
19046,141.3416,71131066666297.95
17694,141.3415,71131071360909.16
9481,141.34140000000002,71131085782192.03
2119,141.3414,71131089418549.3
21599,141.0867,71189311643763.0
19146,141.0866,71189315487783.14
21699,141.08659999999998,71189316675072.98
17794,141.0865,71189316828187.7
9631,141.08640000000003,71189331249470.55
4523,141.0864,71189333673708.75
17844,140.8316,71247559045466.23
19296,140.83159999999998,71247560955061.67
19346,140.8315,71247565882164.98
8429,140.8314,71247581515566.94
8479,140.83139999999997,71247588119773.6
20247,140.57670000000002,71305804022931.28
21949,140.5767,71305805932526.72
19446,140.57659999999998,71305806422340.2
8529,140.5765,71305813566018.84
3521,140.57649999999998,71305822698670.34
9981,140.5764,71305830569544.25
615,140.57639999999998,71305838668020.62
19596,140.3217,71364050212515.4
19646,140.3216,71364051889618.73
8579,140.32150000000001,71364059033297.39
6225,140.3215,71364060245416.5
10181,140.32139999999998,71364076036822.78
22199,140.0667,71422295189980.44
19846,140.0666,71422297356897.27
10281,140.06650000000002,71422304733068.03
19896,140.0665,71422307419517.23
22299,139.8117,71480540761465.64
19996,139.8116,71480542824175.8
10381,139.81150000000002,71480550200346.56
7777,139.8115,71480551412465.67
17843,139.5567,71538785531267.83
22399,139.55669999999998,71538786228744.17
20146,139.5566,71538788291454.33
6625,139.5565,71538798428562.06
8478,139.55649999999997,71538814605575.19
20246,139.30169999999998,71597030508732.86
18844,139.3016,71597035203344.06
10631,139.3015,71597046270420.28
5523,139.30149999999998,71597052048865.11
22599,139.0468,71655275486197.9
22649,139.0467,71655277163301.23
18944,139.0466,71655280670622.61
17592,139.04659999999998,71655282115233.81
10781,139.0465,71655291737698.8
5623,139.04649999999998,71655294161937.0
22749,138.7917,71713522630579.75
20646,138.79160000000002,71713526370393.23
17692,138.7916,71713527582512.34
9479,138.79149999999998,71713542003795.2
21597,138.5368,71771767865366.19
22849,138.5367,71771768097858.28
20796,138.5366,71771771837671.78
9629,138.5365,71771787471073.72
22949,138.2817,71830013565136.84
11131,138.28160000000003,71830019858224.4
16690,138.2816,71830020065887.27
11231,138.2815,71830033275051.03
23049,138.02679999999998,71888255782415.36
23099,138.0267,71888260709518.69
11281,138.0266,71888265325502.94
9929,138.02659999999997,71888273478527.47
9979,138.0265,71888286791147.44
16840,137.77179999999998,71946504396237.67
23299,137.7717,71946506176797.22
11331,137.7716,71946510792781.47
10129,137.77159999999998,71946515591599.34
10179,137.7715,71946532258425.97
19043,137.5168,72004749373702.73
23449,137.51670000000001,72004751644075.75
21496,137.5167,72004753915199.22
7725,137.5166,72004758916790.31
10279,137.51659999999998,72004760954671.22
21596,137.2618,72062994351167.77
23599,137.2617,72062997111354.28
7775,137.2616,72063004384068.84
23649,137.0068,72121239328632.81
22948,137.0067,72121243300938.42
11681,137.0066,72121252225927.05
23048,136.7518,72179485518216.95
17490,136.7517,72179489619558.45
9928,136.75169999999997,72179499964329.06
10629,136.7516,72179502492023.45
22597,136.4969,72237731707801.1
23849,136.4968,72237731940293.19
17590,136.4967,72237735086836.98
10729,136.49669999999998,72237741250888.67
10779,136.4966,72237747959301.97
23999,136.2418,72295977407571.72
17690,136.2417,72295980554115.52
22246,136.24169999999998,72295982928695.2
12081,136.2416,72295993763279.28
24099,135.9869,72354219624850.25
22296,135.9868,72354223468870.4
17790,135.98669999999998,72354226021394.05
12181,135.9866,72354239230557.81
3317,135.98659999999998,72354254269939.62
17840,135.7318,72412468238672.58
22446,135.7317,72412473863252.27
11229,135.73160000000001,72412489496654.22
3417,135.7316,72412493133011.5
23047,135.4769,72470712004018.55
22496,135.4768,72470714403427.47
11279,135.4767,72470721547106.12
12481,135.47660000000002,72470738550631.53
611,135.4766,72470747861226.97
22596,135.2219,72528958193602.67
22646,135.2218,72528959870706.0
11329,135.2217,72528967014384.66
12681,135.22160000000002,72528984017910.06
10177,135.2216,72528988480029.14
24599,134.9669,72587203171067.72
22746,134.96679999999998,72587205337984.53
12781,134.9667,72587212714155.3
24098,134.7119,72645449360651.84
24699,134.71189999999999,72645450315449.56
22846,134.71179999999998,72645450805263.06
12881,134.7117,72645458181433.84
3917,134.71169999999998,72645473325022.3
23647,134.45690000000002,72703695550236.0
24799,134.4569,72703695782728.1
22946,134.4568,72703696272541.61
11679,134.4567,72703708447530.22
6671,134.45669999999998,72703714225975.06
23046,134.2019,72761938489820.12
23096,134.2018,72761943416923.45
13081,134.20170000000002,72761954251507.53
5519,134.2017,72761961242071.47
24999,133.947,72820183467285.17
23246,133.9469,72820187311305.31
23296,133.9468,72820188884201.98
13231,133.94670000000002,72820199718786.06
13281,133.9467,72820203072992.73
19040,133.6919,72878432081107.48
23446,133.6918,72878434351480.52
12079,133.6917,72878449984882.47
24097,133.437,72936675846453.44
25249,133.43689999999998,72936677756048.89
23596,133.4368,72936679818759.05
12179,133.4367,72936695452161.0
12229,133.43669999999997,72936703837677.64
23646,133.18189999999998,72994922036037.58
24848,133.1818,72994928872736.34
4567,133.18179999999998,72994934493176.84
13731,133.1817,72994941256138.31
12329,133.18169999999998,72994949304956.17
25449,132.927,73053167013502.62
25499,132.9269,73053168690605.95
23796,132.92680000000001,73053175888832.75
7521,132.9268,73053180425439.61
12479,132.92669999999998,73053194772234.7
24998,132.672,73111413203086.77
25549,132.6719,73111414157884.47
23946,132.6718,73111421356111.28
12679,132.6717,73111440239513.23
24597,132.417,73169659392670.9
25599,132.4169,73169659625163.0
12779,132.4168,73169668935758.47
24096,132.162,73227902332255.03
25649,132.1619,73227905092441.56
12879,132.1618,73227914403037.02
3915,132.16179999999997,73227929546625.47
25699,131.90699999999998,73286147309720.08
22944,131.9069,73286152494144.8
14381,131.9068,73286160207014.31
12979,131.90679999999998,73286165005832.19
23044,131.652,73344394711423.31
24446,131.6519,73344398193915.42
22042,131.65189999999998,73344402760241.19
13079,131.65179999999998,73344410473110.72
24997,131.3971,73402639688888.36
25899,131.397,73402641598483.78
24546,131.3969,73402643661193.97
13229,131.39679999999998,73402655940389.25
24596,131.142,73460885878472.48
25598,131.14190000000002,73460889360964.6
24646,131.1419,73460890909782.47
14781,131.1418,73460901744366.56
26049,130.8871,73519130855937.53
26099,130.887,73519132533040.84
25648,130.8869,73519134828243.14
14881,130.8868,73519147211645.1
25698,130.632,73577377045521.67
24846,130.6319,73577381844339.53
4565,130.63189999999997,73577390714780.03
13729,130.6318,73577397477741.48
23043,130.37709999999998,73635621197224.9
26249,130.377,73635623467597.9
15081,130.3769,73635629760685.52
7519,130.37689999999998,73635633397042.8
15131,130.3768,73635649781718.78
24996,130.1221,73693866174689.94
26299,130.122,73693868934876.44
22642,130.12199999999999,73693872313912.38
15181,130.1219,73693875227964.03
25096,130.12189999999998,73693877914413.22
15231,130.1218,73693895248997.31
26349,129.8671,73752111152154.97
25146,129.867,73752114996175.12
15281,129.86690000000002,73752120695242.56
25196,129.8669,73752123381691.77
24094,129.6121,73810358553858.22
25246,129.612,73810360463453.66
15381,129.6119,73810366162521.12
25697,129.3571,73868603531323.27
25346,129.357,73868605930732.19
14379,129.3569,73868616428617.5
25446,129.1021,73926849720907.39
25496,129.102,73926851398010.72
23142,129.10199999999998,73926859214336.48
15631,129.1019,73926862232594.81
26699,128.8472,73985094698372.44
26749,128.8471,73985096375475.75
25546,128.84699999999998,73985096865289.25
15731,128.8469,73985107699873.34
26799,128.5921,74043340269857.62
25596,128.59199999999998,74043342332567.78
14779,128.5919,74043357965969.75
4413,128.59189999999998,74043366168652.75
24093,128.3372,74101585039659.81
26849,128.3371,74101585737136.16
25646,128.337,74101587799846.33
14879,128.33689999999999,74101603433248.28
25696,128.0821,74159830017124.84
26598,128.082,74159836853823.61
16131,128.08190000000002,74159852487225.56
12325,128.0819,74159858498162.53
26999,127.8272,74218074994589.89
27049,127.8271,74218076671693.22
25846,127.827,74218083869920.02
12475,127.8269,74218103965441.06
27099,127.5721,74276322138971.75
25545,127.57209999999999,74276326601090.84
25946,127.572,74276329337198.55
6215,127.57199999999999,74276338103432.4
12675,127.5719,74276349432719.6
26347,127.3172,74334567373758.16
27149,127.3171,74334567606250.28
15279,127.31700000000001,74334576916845.75
15329,127.317,74334580271052.4
5063,127.31699999999998,74334588473735.44
27199,127.0621,74392813073528.81
26096,127.06209999999999,74392815240445.62
15379,127.062,74392822384124.3
7767,127.06199999999998,74392826020481.58
27249,126.8072,74451055290807.34
26146,126.80709999999999,74451060707724.16
16681,126.807,74451068188101.6
15529,126.80699999999999,74451072986919.47
23040,126.5522,74509303904629.67
26246,126.5521,74509306175002.67
15629,126.55199999999999,74509318454198.0
24993,126.2973,74567548882094.72
27399,126.2972,74567549579571.06
26296,126.2971,74567551642281.22
15729,126.297,74567563921476.53
26346,126.0422,74625793859559.75
27148,126.0421,74625797342051.86
24642,126.04209999999999,74625803352988.84
17131,126.042,74625812975453.84
7165,126.04199999999999,74625827782343.5
27499,125.78729999999999,74684038837024.8
27549,125.7872,74684040514128.12
27198,125.78710000000001,74684042809330.4
26496,125.7871,74684044358148.27
7766,125.78709999999998,74684052506283.17
17281,125.787,74684058442732.36
12223,125.78699999999999,74684069252487.19
27248,125.5322,74742285026608.94
27599,125.53219999999999,74742285981406.66
26596,125.5321,74742289825426.8
24842,125.53209999999999,74742294287545.9
13725,125.53200000000001,74742306670947.84
16129,125.532,74742308708828.75
8467,125.53199999999998,74742318949392.69
26997,125.2773,74800531216193.08
27649,125.2772,74800531448685.19
17481,125.2771,74800537741772.78
16229,125.27709999999999,74800540759280.66
17531,125.27700000000002,74800557762806.06
12473,125.277,74800560187044.25
603,125.27699999999999,74800566247639.72
27699,125.0222,74858776915963.72
17581,125.0221,74858783209051.31
17631,125.022,74858803230084.6
10169,125.02199999999999,74858806866441.88
27749,124.7673,74917019133242.25
26796,124.7672,74917022977262.39
17681,124.7671,74917028676329.84
24090,124.51230000000001,74975267747064.56
26846,124.5122,74975268444540.92
25242,124.51219999999999,74975272906660.03
17781,124.5121,74975274143608.38
7765,124.51209999999999,74975282242084.75
27247,124.2573,75033511512410.53
26946,124.2572,75033513911819.45
16078,124.25719999999998,75033521777803.72
16679,124.2571,75033524409704.78
6663,124.25709999999998,75033532612387.8
26996,124.00229999999999,75091757701994.66
27046,124.00219999999999,75091759379097.98
18081,124.00210000000001,75091773463682.1
15627,124.0021,75091774675801.17
5511,124.00209999999998,75091782878484.19
27999,123.7474,75150002679459.69
27096,123.74719999999999,75150004846376.52
18281,123.74710000000002,75150018930960.61
15727,123.7471,75150020143079.7
13273,123.74709999999999,75150024709405.45
27748,123.4923,75208248869043.84
27146,123.4922,75208250313655.05
14775,123.4921,75208267159176.1
27497,123.23740000000001,75266495058627.98
27196,123.2372,75266495780933.58
8265,123.23719999999999,75266509682684.06
14875,123.2371,75266512626454.62
27246,122.9823,75324737998212.11
26594,122.9822,75324746047029.98
17329,122.98219999999999,75324748496097.44
18781,122.9821,75324760468312.84
8465,122.98209999999999,75324775170995.88
23037,122.7274,75382986612034.45
27296,122.7273,75382986819697.3
27045,122.72729999999999,75382989114899.58
18831,122.72720000000001,75382992518764.75
17479,122.7272,75382993963375.97
7513,122.72719999999998,75382998811852.34
17529,122.72710000000001,75383013984409.25
601,122.7271,75383022469242.89
24990,122.4724,75441231589499.48
27396,122.47229999999999,75441232286975.83
18931,122.47220000000002,75441237986043.28
17579,122.47219999999999,75441239430654.5
17629,122.4721,75441259451687.78
10167,122.47209999999998,75441263088045.05
27747,122.2174,75499475354845.44
27446,122.2173,75499477754254.36
17679,122.21719999999999,75499484897933.03
27496,121.9624,75557721544429.56
27546,121.9623,75557723221532.89
17779,121.9622,75557730365211.56
27245,121.70739999999999,75615967734013.72
27596,121.7073,75615968688811.42
17328,121.70729999999999,75615974981899.02
19331,121.7072,75615979419188.86
951,121.70719999999999,75616002765460.34
26994,121.45240000000001,75674213923597.84
27646,121.45230000000001,75674214156089.95
26242,121.4523,75674218618209.05
7913,121.45229999999998,75674226252451.64
15625,121.4522,75674227647404.34
18179,121.45219999999999,75674233143698.56
27997,121.1975,75732458901062.88
27696,121.1973,75732459623368.5
17578,121.19729999999998,75732465916456.08
15725,121.19720000000001,75732473114682.88
18329,121.1972,75732478506770.44
10166,121.19719999999998,75732489573846.64
27746,120.94239999999999,75790701840647.02
27144,120.9423,75790706535258.23
26392,120.94229999999999,75790711334076.1
19881,120.94220000000001,75790720956541.1
14773,120.9422,75790723380779.28
2103,120.94219999999999,75790729441374.75
24087,120.6875,75848950454469.34
26843,120.6874,75848951151945.7
27194,120.68730000000001,75848952002536.78
25640,120.6873,75848953214655.86
20081,120.6872,75848966423819.62
14873,120.68719999999999,75848968848057.81
27244,120.4324,75907194219815.31
20131,120.4323,75907201828478.2
18779,120.4322,75907216689916.03
26993,120.17750000000001,75965440409399.44
27043,120.1774,75965442086502.77
27946,120.17739999999999,75965443169585.94
18829,120.1773,75965448740367.94
18178,120.17729999999999,75965459629500.16
20381,120.1772,75965465743893.33
27996,119.9225,76023685386864.47
27093,119.92240000000001,76023687553781.3
27695,119.9224,76023689359170.1
18929,119.9223,76023694207646.47
12619,119.92229999999999,76023701430702.52
2503,119.92229999999998,76023709737592.22
20531,119.9222,76023711211171.86
10165,119.92219999999999,76023719309648.22
27745,119.66749999999999,76081931576448.62
27143,119.6674,76081933021059.83
26792,119.66739999999999,76081935420468.77
20631,119.66730000000001,76081939907417.11
12769,119.6673,76081943543774.38
11467,119.66729999999998,76081951696798.9
27494,119.4125,76140177766032.75
27193,119.4124,76140178488338.36
26090,119.41239999999999,76140180655255.16
20781,119.41230000000002,76140185374695.66
17777,119.4123,76140186586814.75
7761,119.41229999999999,76140191435291.12
27243,119.1575,76198420705616.89
27594,119.1574,76198424910414.61
16675,119.15729999999999,76198433602911.12
23034,118.9025,76256669319439.22
27644,118.9024,76256670377693.14
21131,118.90230000000001,76256681444769.34
15623,118.9023,76256683869007.53
24987,118.64760000000001,76314914296904.27
27393,118.64750000000001,76314914994380.61
27694,118.6474,76314915844971.69
21331,118.6473,76314926912047.88
10815,118.64729999999999,76314946750247.55
27744,118.39250000000001,76373158062250.22
26340,118.3925,76373159274369.28
27142,118.3924,76373162756861.4
9413,118.39239999999998,76373175318207.34
19879,118.3923,76373177178144.28
19929,118.39229999999999,76373180532350.94
27493,118.13759999999999,76431404251834.34
27543,118.1375,76431405928937.67
27192,118.1374,76431408224139.95
12117,118.13739999999999,76431416219160.12
20079,118.1373,76431422645422.81
12217,118.13729999999998,76431434667296.72
27242,117.8825,76489650441418.48
26590,117.8824,76489655240236.33
17325,117.88239999999999,76489657689303.78
21881,117.8823,76489668449400.11
3403,117.88229999999999,76489676934233.78
26991,117.6276,76547896631002.62
27643,117.6275,76547896863494.73
17475,117.6274,76547903156582.31
20379,117.62729999999999,76547921965496.5
27994,117.3726,76606141608467.66
27693,117.3725,76606142330773.28
17575,117.3724,76606148623860.84
2501,117.37239999999998,76606165959195.39
20529,117.3723,76606167432775.03
27743,117.11760000000001,76664384548051.8
26790,117.1175,76664388392071.94
27442,117.11749999999999,76664390197460.73
17675,117.1174,76664394091139.38
19928,117.11739999999999,76664407018152.52
24084,116.86260000000001,76722633161874.12
26840,116.86250000000001,76722633859350.45
27542,116.8625,76722635664739.27
17775,116.86240000000001,76722639558417.92
7759,116.8624,76722647656894.31
3903,116.86239999999998,76722657126244.56
27241,116.6076,76780876927220.08
26940,116.6075,76780879326628.98
27592,116.60749999999999,76780881132017.78
22431,116.60740000000001,76780887400276.12
16673,116.6074,76780889824514.31
12967,116.60739999999998,76780895835451.28
26990,116.3526,76839123116804.2
27040,116.35249999999999,76839124793907.52
21129,116.3524,76839137666372.53
15621,116.35239999999999,76839140090610.72
27993,116.0977,76897368094269.25
27090,116.0975,76897370261186.05
21329,116.0974,76897383133651.06
27742,115.8426,76955614283853.39
27140,115.8425,76955615728464.58
22781,115.8424,76955628937628.38
27491,115.58770000000001,77013860473437.53
27190,115.5875,77013861195743.12
21679,115.58749999999999,77013869141104.81
22881,115.5874,77013874404906.9
12215,115.58739999999999,77013890888899.9
27240,115.3326,77072103413021.66
22931,115.33250000000001,77072109809565.47
17323,115.3325,77072113910906.97
4553,115.33249999999998,77072118294399.12
21879,115.33239999999999,77072124671003.28
23031,115.0776,77130352026844.0
27039,115.07759999999999,77130354529709.12
23081,115.07750000000001,77130356953947.31
17473,115.0775,77130359378185.5
22029,115.07749999999999,77130360075661.86
23181,115.07740000000001,77130373724980.6
12465,115.0774,77130381823456.97
24984,114.8227,77188597004309.03
27390,114.8226,77188597701785.38
23281,114.8225,77188602421225.84
17573,114.82249999999999,77188604845464.03
23331,114.8224,77188619192259.12
10161,114.82239999999999,77188628502854.6
27741,114.5677,77246840769654.98
27440,114.5676,77246843169063.9
23431,114.56750000000001,77246847888504.38
17673,114.5675,77246850312742.56
27490,114.3127,77305086959239.11
27540,114.3126,77305088636342.44
23581,114.3125,77305093355782.92
3901,114.31249999999999,77305113347847.75
27239,114.0577,77363333148823.25
27590,114.05760000000001,77363334103620.95
22379,114.0576,77363338694776.0
22429,114.0575,77363343621879.31
21878,114.05749999999999,77363351156804.88
26988,113.80270000000002,77421579338407.4
27640,113.80260000000001,77421579570899.48
26236,113.8026,77421584033018.6
22028,113.80259999999998,77421586561463.44
23781,113.80250000000001,77421589425856.62
15619,113.8025,77421593062213.9
5503,113.80249999999998,77421601264896.94
27991,113.54780000000001,77479824315872.42
27690,113.5476,77479825038178.03
22629,113.54759999999999,77479829629333.06
23931,113.54750000000001,77479834893135.16
15719,113.5475,77479838529492.44
5603,113.54749999999999,77479843377968.81
27740,113.2927,77538067255456.56
27138,113.29260000000001,77538071950067.78
22729,113.2926,77538075096611.58
22779,113.29249999999999,77538085159231.55
24081,113.0377,77596315869278.9
27188,113.03760000000001,77596317417346.31
25634,113.0376,77596318629465.42
22879,113.0375,77596330626510.08
27238,112.7827,77654559634624.84
22378,112.78269999999999,77654565180577.58
22929,112.7826,77654566031168.66
4551,112.78259999999999,77654574516002.3
24331,112.7825,77654576430487.38
26987,112.52780000000001,77712805824208.98
27037,112.52770000000001,77712807501312.3
23029,112.5277,77712808248447.19
24431,112.5276,77712811730939.28
23129,112.52759999999999,77712816529757.16
23179,112.5275,77712829946583.78
27990,112.2728,77771050801674.0
27087,112.27270000000001,77771052968590.83
27689,112.2727,77771054773979.64
22628,112.27269999999999,77771056115134.64
24531,112.27260000000001,77771057198217.84
23279,112.2726,77771058642829.03
6203,112.27259999999998,77771065683051.5
23329,112.2725,77771075413862.31
27739,112.0178,77829296991258.16
27137,112.0177,77829298435869.36
26786,112.01769999999999,77829300835278.31
23429,112.0176,77829304110107.56
23479,112.01759999999999,77829307464314.22
27488,111.7628,77887543180842.31
27187,111.76270000000001,77887543903147.9
26084,111.7627,77887546070064.72
23579,111.76259999999999,77887549577386.1
27237,111.5078,77945786120426.44
27588,111.5077,77945790325224.16
24831,111.5076,77945795381363.4
23028,111.2528,78004034734248.77
27638,111.2527,78004035792502.69
23128,111.25269999999999,78004043015558.75
23779,111.2526,78004045647459.8
5501,111.25259999999999,78004057486500.11
24981,110.99780000000001,78062279711713.81
27688,110.99770000000001,78062281259781.23
25532,110.9977,78062283916511.53
23929,110.9976,78062291114738.33
13263,110.99759999999999,78062299317421.36
27738,110.74280000000002,78120523477059.75
26334,110.7428,78120524689178.84
26785,110.74279999999999,78120527321079.89
27136,110.7427,78120528171670.97
23478,110.74269999999999,78120533950115.81
25181,110.74260000000001,78120536918715.62
24029,110.7426,78120544967533.5
7153,110.74259999999998,78120555361962.6
27487,110.4879,78178769666643.89
27537,110.48780000000001,78178771343747.22
24079,110.4878,78178772090882.08
27186,110.4877,78178773638949.5
25632,110.48769999999999,78178774851068.6
25281,110.48760000000001,78178782385994.16
22877,110.4876,78178786848113.25
14865,110.48759999999999,78178790484470.53
27236,110.2328,78237015856228.03
25331,110.23270000000001,78237019467756.06
22927,110.2327,78237022252771.84
24329,110.23259999999999,78237032652090.56
26985,109.9779,78295262045812.16
27637,109.9778,78295262278304.27
25481,109.9777,78295264935034.6
5500,109.97769999999998,78295283972301.69
23177,109.97760000000001,78295286168186.95
20373,109.9776,78295287380306.05
27988,109.72290000000001,78353507023277.2
27687,109.7228,78353507745582.81
25531,109.7227,78353510402313.12
6201,109.72269999999999,78353521904654.67
23327,109.7226,78353531635465.48
27737,109.46790000000001,78411749962861.34
26784,109.46780000000001,78411753806881.5
27135,109.4678,78411754657472.55
25581,109.46770000000001,78411755869591.66
24629,109.4677,78411760668409.53
7152,109.46769999999998,78411785097764.19
24078,109.21289999999999,78469998576683.66
26834,109.21280000000002,78469999274160.02
27185,109.2128,78470000124751.08
25631,109.21270000000001,78470001336870.19
17769,109.2127,78470004973227.47
7753,109.21269999999998,78470009821703.84
27235,108.9579,78528242342029.61
25681,108.9578,78528243554148.72
27586,108.95779999999999,78528246546827.34
24829,108.95769999999999,78528251602966.58
26984,108.7029,78586488531613.75
27034,108.7028,78586490208717.08
25831,108.70270000000001,78586497406943.88
24929,108.7027,78586505455761.75
27987,108.44800000000001,78644733509078.78
27084,108.4478,78644735675995.61
25931,108.4477,78644742874222.4
27736,108.19290000000001,78702979698662.94
26332,108.1929,78702980910782.03
27134,108.1928,78702981143274.14
24628,108.19279999999999,78702987154211.11
25179,108.1927,78702993140318.81
7151,108.19269999999999,78703011583565.78
27485,107.93799999999999,78761225888247.06
27184,107.93780000000001,78761226610552.69
25229,107.9378,78761230222080.72
8253,107.93779999999998,78761237262303.16
25279,107.9377,78761238607597.34
14863,107.93769999999999,78761243456073.72
27234,107.6829,78819468827831.22
27585,107.68289999999999,78819473032628.92
26131,107.68280000000001,78819474244748.03
22925,107.6828,78819475224375.02
24828,107.68279999999999,78819478088768.16
24327,107.68270000000001,78819488873693.73
21873,107.6827,78819490085812.83
8453,107.68269999999998,78819502750614.97
23025,107.4279,78877717441653.53
26231,107.4278,78877719712026.55
25479,107.42779999999999,78877721156637.78
23175,107.42770000000002,78877739139790.12
20371,107.4277,78877743601909.22
24978,107.173,78935962419118.58
27384,107.1729,78935963116594.94
26281,107.17280000000001,78935965179305.1
25529,107.1728,78935966623916.3
23325,107.17269999999999,78935984607068.66
27735,106.918,78994206184464.52
26331,106.9179,78994207396583.62
25579,106.9178,78994212091194.83
7150,106.91779999999999,78994238069367.38
27484,106.66300000000001,79052452374048.66
27534,106.66290000000001,79052454051152.0
25228,106.6629,79052456707882.3
25629,106.6628,79052457558473.38
7751,106.66279999999999,79052466043307.03
27233,106.408,79110698563632.8
27584,106.40790000000001,79110699518430.52
25679,106.4079,79110699775751.9
26581,106.40780000000001,79110703362450.66
25729,106.4078,79110708161268.53
8452,106.40779999999998,79110732486416.55
26982,106.15299999999999,79168944753216.94
27634,106.15290000000002,79168944985709.05
27032,106.15289999999999,79168946430320.25
25829,106.1528,79168953628547.06
15613,106.15279999999998,79168958477023.44
27985,105.8981,79227189730681.97
27684,105.8979,79227190452987.6
27082,105.89789999999999,79227191897598.78
25929,105.89779999999999,79227199095825.6
27734,105.643,79285432670266.12
26781,105.6429,79285436514286.27
25177,105.64280000000001,79285449361922.0
22773,105.6428,79285450574041.1
24075,105.388,79343681284088.44
26831,105.3879,79343681981564.78
7750,105.38789999999999,79343692529108.62
25277,105.3878,79343694829200.53
27232,105.133,79401925049434.39
26931,105.1329,79401927448843.31
25728,105.13289999999999,79401934647070.12
24325,105.1328,79401941845296.9
8451,105.13279999999999,79401958972218.14
26981,104.87800000000001,79460171239018.53
27031,104.87790000000001,79460172916121.84
26229,104.8779,79460175933629.72
9903,104.87789999999998,79460188109368.83
23173,104.87780000000001,79460195361393.31
27984,104.62310000000001,79518416216483.56
27081,104.62290000000002,79518418383400.38
26279,104.6229,79518421400908.27
25928,104.62289999999999,79518425581627.19
23323,104.6228,79518440828671.84
10153,104.62279999999998,79518446889267.31
27733,104.3681,79576662406067.7
26329,104.368,79576663618186.8
27131,104.3679,79576663850678.9
26379,104.36789999999999,79576668649496.78
27482,104.1131,79634908595651.84
27181,104.11290000000001,79634909317957.45
25627,104.1129,79634913780076.56
27231,103.858,79693151535235.98
26579,103.8579,79693159584053.84
8450,103.85789999999999,79693185458019.72
23022,103.6031,79751400149058.31
27281,103.60300000000001,79751400356721.17
26228,103.603,79751402419431.31
25827,103.6029,79751409850150.25
18165,103.60289999999999,79751420194920.84
24975,103.3481,79809645126523.34
27381,103.34800000000001,79809645823999.7
27682,103.348,79809646674590.78
25927,103.34790000000001,79809655317428.78
21369,103.3479,79809661095873.62
10803,103.34789999999998,79809674329866.64
27732,103.09309999999999,79867888891869.3
27431,103.093,79867891291278.23
26779,103.09299999999999,79867892735889.44
25175,103.09290000000001,79867902333525.17
22771,103.0929,79867906795644.27
19917,103.09289999999999,79867911361970.02
27481,102.8381,79926135081453.44
27531,102.83800000000001,79926136758556.77
26829,102.838,79926138203167.97
25275,102.8379,79926147800803.7
22871,102.83789999999999,79926152262922.8
27230,102.5831,79984381271037.56
27581,102.583,79984382225835.28
24323,102.5829,79984398066900.1
26979,102.3281,80042627460621.72
27631,102.328,80042627693113.81
9901,102.32799999999999,80042644330972.0
23171,102.3279,80042651582996.5
27982,102.0732,80100872438086.75
27681,102.07300000000001,80100873160392.38
17563,102.073,80100879453479.94
23321,102.0729,80100897050275.03
10151,102.07289999999999,80100903110870.5
27731,101.81810000000002,80159115377670.89
26778,101.81809999999999,80159119221691.03
27129,101.818,80159120072282.1
11453,101.81799999999998,80159135498021.19
24072,101.5632,80217363991493.2
26828,101.56309999999999,80217364688969.56
27179,101.563,80217365539560.62
17763,101.56299999999999,80217370388037.0
27229,101.3081,80275607756839.16
26577,101.308,80275615805657.03
24823,101.30799999999999,80275617017776.12
26978,101.0532,80333853946423.3
27028,101.0531,80333855623526.62
25825,101.053,80333862821753.42
27981,100.79820000000001,80392098923888.34
27078,100.7981,80392101090805.16
25925,100.798,80392108289031.95
10150,100.79799999999999,80392129596672.1
27730,100.54320000000001,80450345113472.47
26326,100.5432,80450346325591.56
27128,100.5431,80450346558083.69
25173,100.543,80450358555128.34
19915,100.54299999999999,80450367583573.19
27479,100.28819999999999,80508591303056.62
27178,100.2881,80508592025362.22
21667,100.28809999999999,80508599970723.89
25273,100.28800000000001,80508604022406.88
22869,100.288,80508605234525.98
12203,100.28799999999998,80508618468519.0
27228,100.0332,80566834242640.75
27579,100.03309999999999,80566838447438.47
24321,100.033,80566854288503.28
21867,100.03299999999999,80566855500622.38
23019,99.7782,80625082856463.1
27629,99.7781,80625083914717.0
23169,99.778,80625104554599.69
20365,99.77799999999999,80625109016718.78
24972,99.5233,80683327833928.12
27378,99.5232,80683328531404.47
27679,99.5231,80683329381995.55
23319,99.523,80683350021878.22
27729,99.26820000000001,80741571599274.06
27428,99.2682,80741573998683.0
27127,99.2681,80741576293885.28
11451,99.26809999999999,80741591719624.38
27478,99.01329999999999,80799817788858.2
27528,99.0132,80799819465961.53
27177,99.01310000000001,80799821761163.81
19213,99.0131,80799833654752.28
12202,99.01309999999998,80799848204320.6
27227,98.7582,80858063978442.34
27578,98.75819999999999,80858064933240.06
26575,98.75810000000001,80858068777260.2
24821,98.7581,80858073239379.3
19363,98.75809999999998,80858079122030.81
26976,98.5033,80916310168026.47
27628,98.50319999999999,80916310400518.6
25823,98.5031,80916319043356.6
15607,98.50309999999999,80916323891833.0
27979,98.2483,80974555145491.52
27678,98.2482,80974555867797.12
25923,98.2481,80974564510635.12
27728,97.9933,81032798085075.66
26775,97.9932,81032801929095.81
25171,97.9931,81032814776731.53
24069,97.73830000000001,81091046698897.98
26825,97.7382,81091047396374.33
21665,97.73819999999999,81091056192327.06
25271,97.7381,81091060244010.06
12201,97.73809999999999,81091074690122.19
27226,97.4833,81149290464243.94
26925,97.48320000000001,81149292863652.86
22917,97.4832,81149296860787.75
24319,97.48310000000001,81149307260106.47
21865,97.4831,81149311722225.56
26975,97.2283,81207536653828.06
27025,97.2282,81207538330931.39
22015,97.22819999999999,81207547126884.12
23167,97.22810000000001,81207560776202.86
20363,97.2281,81207561988321.95
27978,96.9734,81265781631293.1
27075,96.9732,81265783798209.92
24519,96.97319999999999,81265788027836.92
23317,96.97309999999999,81265806243481.39
27727,96.7183,81324027820877.25
27125,96.7182,81324029265488.45
27476,96.46340000000001,81382274010461.38
27175,96.4632,81382274732767.0
12200,96.46319999999999,81382301175923.77
27225,96.20830000000001,81440516950045.53
22916,96.2083,81440523346589.34
26573,96.2082,81440524998863.38
12951,96.20819999999999,81440535858276.73
23016,95.95339999999999,81498765563867.86
27275,95.95330000000001,81498765771530.72
26222,95.9533,81498767834240.84
23116,95.95329999999998,81498773845177.84
25821,95.95320000000001,81498775264959.78
15605,95.9532,81498780113436.17
24969,95.69839999999999,81557010541332.9
27375,95.6983,81557011238809.25
25520,95.69829999999999,81557014746130.61
25921,95.6982,81557020732238.31
21363,95.69819999999999,81557026510683.16
27726,95.4434,81615254306678.84
27425,95.4433,81615256706087.78
25169,95.4432,81615267748334.72
22765,95.44319999999999,81615272210453.81
27475,95.1884,81673500496262.97
27525,95.1883,81673502173366.31
25269,95.1882,81673513215613.25
27224,94.9334,81731746685847.11
27575,94.9333,81731747640644.83
12950,94.93329999999999,81731762344078.31
24317,94.9332,81731763481709.64
26973,94.67840000000001,81789992875431.25
27625,94.67830000000001,81789993107923.36
22013,94.6783,81790000098487.31
23165,94.6782,81790016997806.03
27976,94.4235,81848237852896.28
27675,94.42330000000001,81848238575201.9
25519,94.4233,81848241231932.2
23315,94.4232,81848262465084.56
27725,94.1684,81906480792480.44
26772,94.16839999999999,81906484636500.56
27123,94.1683,81906485487091.62
24617,94.16829999999999,81906491498028.61
24066,93.9135,81964729406302.75
26822,93.9134,81964730103779.1
27173,93.9133,81964730954370.17
25619,93.91329999999999,81964732166489.28
27223,93.6584,82022973171648.7
26571,93.6583,82022981220466.56
26972,93.40350000000001,82081219361232.84
27022,93.4034,82081221038336.16
25819,93.4033,82081228236562.97
27975,93.1485,82139464338697.88
27072,93.14840000000001,82139466505614.69
22613,93.1484,82139469652158.5
25919,93.1483,82139473703841.5
27724,92.8935,82197710528282.02
26320,92.89349999999999,82197711740401.11
27122,92.8934,82197711972893.22
22713,92.89339999999999,82197715119437.03
25167,92.89330000000001,82197723969937.9
22763,92.8933,82197725182057.0
27473,92.6385,82255956717866.16
27172,92.6384,82255957440171.75
26069,92.63839999999999,82255959607088.58
25267,92.6383,82255969437216.44
22863,92.63829999999999,82255970649335.53
27222,92.3835,82314199657450.28
27573,92.3834,82314203862248.0
24315,92.38329999999999,82314219703312.81
23013,92.1285,82372448271272.62
27623,92.1284,82372449329526.53
23163,92.1283,82372469969409.22
24966,91.8736,82430693248737.67
27372,91.8735,82430693946214.0
27673,91.8734,82430694796805.1
23313,91.8733,82430715436687.75
27723,91.61850000000001,82488937014083.61
26319,91.6185,82488938226202.7
27121,91.61840000000001,82488941708694.81
23463,91.6184,82488947487139.66
27472,91.36359999999999,82547183203667.75
27522,91.3635,82547184880771.06
27171,91.36340000000001,82547187175973.34
25617,91.3634,82547188388092.47
16553,91.36339999999998,82547208667197.56
27221,91.10849999999999,82605429393251.88
26569,91.1084,82605434192069.75
24815,91.10839999999999,82605438654188.84
26970,90.8536,82663675582836.03
27622,90.8535,82663675815328.12
25817,90.8534,82663684458166.16
27973,90.5986,82721920560301.06
27672,90.5985,82721921282606.67
25917,90.5984,82721929925444.69
27722,90.34360000000001,82780163499885.19
26769,90.3435,82780167343905.34
15751,90.34349999999999,82780175209889.61
25165,90.3434,82780180191541.08
24063,90.0886,82838412113707.53
26819,90.08850000000001,82838412811183.88
25616,90.0885,82838414873894.06
25265,90.08840000000001,82838425658819.61
27220,89.83359999999999,82896655879053.47
26919,89.8335,82896658278462.4
24263,89.83349999999999,82896662508089.38
24313,89.8334,82896672674916.0
26969,89.5786,82954902068637.62
27019,89.57849999999999,82954903745740.94
23161,89.57840000000002,82954926191012.4
20357,89.5784,82954927403131.5
27972,89.3237,83013147046102.64
27069,89.3235,83013149213019.47
23311,89.32339999999999,83013171658290.94
27721,89.0686,83071393235686.78
27119,89.0685,83071394680298.0
27470,88.8137,83129639425270.94
27169,88.8135,83129640147576.53
16551,88.81349999999999,83129664888800.73
27219,88.5586,83187882364855.06
26567,88.55850000000001,83187890413672.94
24813,88.5585,83187891625792.03
23010,88.30369999999999,83246130978677.4
27269,88.3036,83246131186340.25
26216,88.30359999999999,83246133249050.4
25815,88.3035,83246140679769.33
18153,88.30349999999999,83246147774539.94
24963,88.0487,83304375956142.44
27369,88.0486,83304376653618.78
25915,88.04849999999999,83304386147047.86
27720,87.7937,83362619721488.38
27419,87.7936,83362622120897.31
25163,87.7935,83362633163144.25
27469,87.5387,83420865911072.53
27519,87.5386,83420867588175.84
25263,87.5385,83420878630422.78
27218,87.2837,83479112100656.66
27569,87.2836,83479113055454.38
17301,87.28359999999999,83479119348541.97
24311,87.2835,83479128896519.19
26967,87.0287,83537358290240.8
27619,87.02860000000001,83537358522732.9
27017,87.0286,83537359967344.12
18152,87.02859999999998,83537377510341.52
23159,87.02850000000001,83537382412615.6
27970,86.7738,83595603267705.83
27669,86.7736,83595603990011.45
25513,86.77359999999999,83595606646741.75
23309,86.7735,83595627879894.12
27719,86.5187,83653846207289.97
27117,86.51859999999999,83653850901901.19
24060,86.2638,83712094821112.3
26816,86.2637,83712095518588.66
27167,86.2636,83712096369179.72
27217,86.0087,83770338586458.25
17300,86.00869999999999,83770345834343.56
26565,86.0086,83770346635276.11
26966,85.7538,83828584776042.39
27016,85.7537,83828586453145.72
25813,85.7536,83828593651372.5
18151,85.75359999999999,83828603996143.11
27969,85.4988,83886829753507.42
27066,85.4987,83886831920424.25
25913,85.4986,83886839118651.03
27718,85.2438,83945075943091.56
27116,85.24369999999999,83945077387702.78
25161,85.24360000000001,83945089384747.44
22757,85.2436,83945090596866.55
19903,85.24359999999999,83945095163192.28
27467,84.9888,84003322132675.7
27166,84.9887,84003322854981.31
25261,84.9886,84003334852025.97
22857,84.98859999999999,84003336064145.08
27216,84.7338,84061565072259.84
27567,84.7337,84061569277057.56
24309,84.7336,84061585118122.38
23007,84.4788,84119813686082.19
27617,84.4787,84119814744336.1
18150,84.47869999999999,84119830481944.69
23157,84.4786,84119835384218.78
24960,84.2239,84178058663547.22
27366,84.2238,84178059361023.56
27667,84.22370000000001,84178060211614.62
21354,84.2237,84178074632897.48
23307,84.2236,84178080851497.31
27717,83.9688,84236302428893.16
26313,83.96879999999999,84236303641012.25
27115,83.9687,84236307123504.36
19902,83.96869999999998,84236324898993.88
27466,83.7139,84294548618477.3
27516,83.71379999999999,84294550295580.62
27165,83.7137,84294552590782.9
26463,83.71369999999999,84294554139600.75
27215,83.4588,84352794808061.44
26563,83.4587,84352799606879.28
23006,83.2039,84411040171883.77
27616,83.2038,84411041230137.69
25811,83.2037,84411049872975.69
27967,82.9489,84469285975110.6
27666,82.9488,84469286697416.22
25911,82.9487,84469295340254.22
27716,82.6939,84527528914694.75
26763,82.6938,84527532758714.89
25159,82.6937,84527545606350.62
19901,82.69369999999999,84527551384795.47
24057,82.4389,84585777528517.08
26813,82.4388,84585778225993.4
21653,82.43879999999999,84585783771946.16
25259,82.43870000000001,84585791073629.16
22855,82.4387,84585792285748.25
27214,82.1839,84644021293863.03
26913,82.18379999999999,84644023693271.94
24307,82.1837,84644038089725.56
21853,82.18369999999999,84644039301844.66
26963,81.9289,84702267483447.16
27013,81.9288,84702269160550.47
23155,81.9287,84702291605821.95
20351,81.92869999999999,84702292817941.05
27966,81.67399999999999,84760512460912.19
27063,81.6738,84760514627829.0
23305,81.6737,84760537073100.48
27715,81.41890000000001,84818758650496.34
27113,81.4188,84818760095107.53
19900,81.41879999999999,84818777870597.06
24056,81.164,84877004014318.66
27163,81.16380000000001,84877005562386.08
22854,81.1638,84877018771549.84
27213,80.90889999999999,84935247779664.61
26561,80.90880000000001,84935255828482.47
24807,80.9088,84935257040601.58
21852,80.90879999999999,84935269037646.23
23004,80.654,84993496393486.94
27263,80.6539,84993496601149.8
25809,80.6538,84993506094578.88
21151,80.65379999999999,84993511873023.72
24957,80.399,85051741370952.0
27363,80.3989,85051742068428.33
25909,80.3988,85051751561857.4
27714,80.144,85109985136297.94
27413,80.1439,85109987535706.86
25157,80.1438,85109998577953.81
27463,79.889,85168231325882.06
27513,79.8889,85168233002985.39
21651,79.88889999999999,85168239993549.34
25257,79.8888,85168244045232.34
27212,79.634,85226477515466.2
27563,79.6339,85226478470263.9
24305,79.63380000000001,85226494311328.73
21851,79.6338,85226495523447.83
23003,79.37899999999999,85284722879288.53
27613,79.3789,85284723937542.44
22001,79.37889999999999,85284730928106.4
23153,79.37880000000001,85284744577425.12
24956,79.1241,85342967856753.58
27663,79.12389999999999,85342969404821.0
23303,79.12379999999999,85342990044703.66
27713,78.869,85401211622099.52
27111,78.8689,85401216316710.72
24054,78.61410000000001,85459460235921.84
26810,78.614,85459460933398.19
27161,78.6139,85459461783989.25
27211,78.35900000000001,85517704001267.78
27863,78.359,85517707483759.89
26559,78.3589,85517712050085.66
21850,78.35889999999999,85517722009249.4
26960,78.1041,85575950190851.94
27010,78.104,85575951867955.25
25807,78.10390000000001,85575959066182.06
22501,78.1039,85575968327119.03
27963,77.84909999999999,85634195168316.97
27060,77.849,85634197335233.78
25506,77.84899999999999,85634198547352.88
25907,77.8489,85634204533460.6
23302,77.84889999999999,85634219780505.25
27712,77.5941,85692441357901.11
27110,77.594,85692442802512.31
25155,77.5939,85692454799557.0
22751,77.59389999999999,85692456011676.1
24053,77.3391,85750686721723.44
27160,77.339,85750688269790.84
25255,77.3389,85750700266835.53
27210,77.0841,85808930487069.38
27561,77.084,85808934691867.1
24303,77.0839,85808947282931.9
23001,76.8291,85867179100891.72
27611,76.82900000000001,85867180159145.62
23101,76.829,85867187382201.7
23151,76.8289,85867200799028.31
24954,76.57419999999999,85925424078356.75
27360,76.5741,85925424775833.1
27661,76.57400000000001,85925425626424.17
24503,76.574,85925428050662.38
23301,76.5739,85925446266306.84
27711,76.3191,85983667843702.69
26307,76.31909999999999,85983669055821.8
27109,76.319,85983672538313.9
24603,76.31899999999999,85983675299250.88
27460,76.0642,86041914033286.84
27510,76.0641,86041915710390.16
27159,76.06400000000001,86041918005592.44
25605,76.064,86041919217711.56
27209,75.8091,86100160222870.97
26557,75.809,86100165021688.84
23000,75.5542,86158405586693.31
27610,75.5541,86158406644947.22
23100,75.55409999999999,86158413868003.28
25805,75.554,86158415287785.25
24953,75.2992,86216650564158.34
27660,75.29910000000001,86216652112225.77
25504,75.2991,86216654768956.06
25905,75.299,86216660755063.78
23300,75.29899999999999,86216672752108.44
27710,75.0442,86274894329504.28
26306,75.04419999999999,86274895541623.38
26757,75.0441,86274898173524.44
24602,75.04409999999999,86274905035052.47
25153,75.04400000000001,86274907771160.17
24001,75.044,86274915819978.03
24051,74.7892,86333142943326.62
26807,74.7891,86333143640802.97
25203,74.78909999999999,86333144852922.06
25253,74.789,86333153238438.7
27208,74.5342,86391386708672.56
26907,74.5341,86391389108081.5
24301,74.53399999999999,86391403504535.1
26957,74.2792,86449632898256.72
27007,74.2791,86449634575360.03
27960,74.0243,86507877875721.73
27057,74.0241,86507880042638.56
27709,73.76920000000001,86566124065305.88
26756,73.7692,86566124659326.03
27107,73.76910000000001,86566125509917.1
24601,73.7691,86566131520854.06
24050,73.5143,86624369429128.2
26806,73.5142,86624370126604.56
27157,73.51410000000001,86624370977195.62
25603,73.5141,86624372189314.73
27207,73.25919999999999,86682613194474.16
26555,73.2591,86682621243292.03
24801,73.25909999999999,86682622455411.12
26956,73.0043,86740859384058.3
27006,73.0042,86740861061161.62
25803,73.0041,86740868259388.42
27056,72.7492,86799106528440.16
25903,72.7491,86799113726666.95
27708,72.49430000000001,86857350551107.47
26304,72.4943,86857351763226.56
27106,72.4942,86857351995718.69
24600,72.49419999999999,86857358006655.66
25151,72.4941,86857363992763.34
27457,72.2393,86915596740691.62
27156,72.23920000000001,86915597462997.22
26053,72.2392,86915599629914.03
25251,72.23910000000001,86915609460041.88
27206,71.98429999999999,86973839680275.75
27557,71.9842,86973843885073.47
25702,71.98419999999999,86973852527911.47
27256,71.7293,87032088501760.94
27607,71.7292,87032089352352.0
26203,71.72919999999999,87032090564471.1
24950,71.4744,87090333271563.12
27356,71.4743,87090333969039.47
27657,71.4742,87090334819630.55
27707,71.2193,87148577036909.06
27105,71.2192,87148581731520.28
27456,70.9644,87206823226493.2
27506,70.96430000000001,87206824903596.53
27155,70.9642,87206827198798.81
27205,70.7093,87265069416077.34
26553,70.70920000000001,87265074214895.2
25701,70.7092,87265079013713.06
26954,70.45439999999999,87323315605661.47
27606,70.4543,87323315838153.6
27004,70.45429999999999,87323317282764.8
25801,70.4542,87323324480991.6
27957,70.1994,87381560583126.52
27656,70.1993,87381561305432.12
25901,70.19919999999999,87381569948270.12
27706,69.9444,87439803522710.66
26753,69.9443,87439807366730.81
26803,69.6893,87498052834009.33
27204,69.4344,87556295901878.94
26903,69.43430000000001,87556298301287.86
25700,69.4343,87556305499514.66
26953,69.1794,87614542091463.06
27003,69.1793,87614543768566.39
27956,68.9245,87672787068928.1
27053,68.9243,87672789235844.92
27705,68.6694,87731033258512.25
27103,68.66929999999999,87731034703123.45
27454,68.4145,87789279448096.38
27153,68.4143,87789280170402.0
27203,68.1594,87847522387680.53
26551,68.1593,87847530436498.38
27253,67.90440000000001,87905771209165.72
26200,67.9044,87905773271875.84
27353,67.6494,87964016676444.25
27704,67.3945,88022259744313.84
27403,67.39439999999999,88022262143722.78
27453,67.1395,88080505933897.97
27503,67.1394,88080507611001.31
27202,66.8845,88138752123482.11
27553,66.8844,88138753078279.83
26951,66.62950000000001,88196998313066.25
27603,66.6294,88196998545558.36
27954,66.3746,88255243290531.28
27653,66.37440000000001,88255244012836.9
27703,66.1195,88313486230115.44
27101,66.1194,88313490924726.62
26800,65.8645,88371735541414.1
27151,65.8644,88371736392005.17
27201,65.6095,88429978609283.7
26950,65.3546,88488224798867.84
27000,65.3545,88488226475971.16
27953,65.0996,88546469776332.88
27050,65.0995,88546471943249.69
27702,64.8446,88604715965917.02
27100,64.8445,88604717410528.22
27451,64.58959999999999,88662962155501.16
27150,64.5895,88662962877806.75
27200,64.3346,88721205095085.28
27551,64.33449999999999,88721209299883.0
27250,64.0796,88779453916570.47
27601,64.0795,88779454767161.53
27350,63.824600000000004,88837699383849.0
27651,63.8245,88837700234440.1
27701,63.5696,88895942451718.61
27400,63.569599999999994,88895944851127.53
27450,63.3147,88954188641302.75
27500,63.3146,88954190318406.06
27550,63.0596,89012435785684.6
27851,63.059599999999996,89012438313378.98
27600,62.80460000000001,89070681252963.12
27901,62.80459999999999,89070683780657.53
27951,62.5497,89128925997936.06
27650,62.5496,89128926720241.67
27700,62.294700000000006,89187168937520.19
27750,62.2947,89187173864623.52
27800,62.039699999999996,89245419331902.05
27850,61.7847,89303664799180.56
27900,61.5297,89361910266459.11
27950,61.2748,89420152483737.64
